sample_id,frequency_hz,sensor_id,node_id,prior_id,x_m,y_m,z_m,normal_x,normal_y,normal_z,tangent1_x,tangent1_y,tangent1_z,tangent2_x,tangent2_y,tangent2_z,weight_m2,polarization,h_real,h_imag,cst_project,cst_probe_item,extraction_method,selection_order,layout_candidate,layout_method,layout_sensor_count,weighting_model
L1_short_dipole_x_1p2G,1200000000,95,95,level1_local_sphere_r0p35,-0.0115379592595,0.0490475965646,3.65364583333,-0.0329655978843,0.140135990185,-0.989583333333,-0.0,0.990121477253,0.14021219734,0.999456486975,0.00462217891599,-0.0326399464757,0.0320704250054,Hx,-8.143357504701e-12,-1.555831878139e-12,C:\csttmp\huy_sf_safe_hfield96_s\L1_short_dipole_x_1p2G_hfield96.cst,1D Results\Probes\H-Field\H-Field (-0.011538 0.0490476 3.65365)(X) [1],CST ResultTree 1D complex local Cartesian H-field probe,0,field_weighted_48,field_weighted,48,nearest_full96_cell_aggregation
L1_short_dipole_x_1p2G,1200000000,95,95,level1_local_sphere_r0p35,-0.0115379592595,0.0490475965646,3.65364583333,-0.0329655978843,0.140135990185,-0.989583333333,-0.0,0.990121477253,0.14021219734,0.999456486975,0.00462217891599,-0.0326399464757,0.0320704250054,Hy,-1.625059748128e-05,-1.110431071547e-05,C:\csttmp\huy_sf_safe_hfield96_s\L1_short_dipole_x_1p2G_hfield96.cst,1D Results\Probes\H-Field\H-Field (-0.011538 0.0490476 3.65365)(Y) [1],CST ResultTree 1D complex local Cartesian H-field probe,0,field_weighted_48,field_weighted,48,nearest_full96_cell_aggregation
L1_short_dipole_x_1p2G,1200000000,95,95,level1_local_sphere_r0p35,-0.0115379592595,0.0490475965646,3.65364583333,-0.0329655978843,0.140135990185,-0.989583333333,-0.0,0.990121477253,0.14021219734,0.999456486975,0.00462217891599,-0.0326399464757,0.0320704250054,Hz,-5.523512265879e-06,-2.501801110961e-06,C:\csttmp\huy_sf_safe_hfield96_s\L1_short_dipole_x_1p2G_hfield96.cst,1D Results\Probes\H-Field\H-Field (-0.011538 0.0490476 3.65365)(Z) [1],CST ResultTree 1D complex local Cartesian H-field probe,0,field_weighted_48,field_weighted,48,nearest_full96_cell_aggregation
L1_short_dipole_x_1p2G,1200000000,0,0,level1_local_sphere_r0p35,0.050386419129,0.0,4.34635416667,0.143961197511,0.0,0.989583333333,0.0,-1.0,0.0,0.989583333333,0.0,-0.143961197511,0.0320704250054,Hx,5.39506762849e-13,1.8276006824550002e-11,C:\csttmp\huy_sf_safe_hfield96_s\L1_short_dipole_x_1p2G_hfield96.cst,1D Results\Probes\H-Field\H-Field (0.0503864 0 4.34635)(X) [1],CST ResultTree 1D complex local Cartesian H-field probe,1,field_weighted_48,field_weighted,48,nearest_full96_cell_aggregation
L1_short_dipole_x_1p2G,1200000000,0,0,level1_local_sphere_r0p35,0.050386419129,0.0,4.34635416667,0.143961197511,0.0,0.989583333333,0.0,-1.0,0.0,0.989583333333,0.0,-0.143961197511,0.0320704250054,Hy,1.625745067336e-05,1.128090851063e-05,C:\csttmp\huy_sf_safe_hfield96_s\L1_short_dipole_x_1p2G_hfield96.cst,1D Results\Probes\H-Field\H-Field (0.0503864 0 4.34635)(Y) [1],CST ResultTree 1D complex local Cartesian H-field probe,1,field_weighted_48,field_weighted,48,nearest_full96_cell_aggregation
L1_short_dipole_x_1p2G,1200000000,0,0,level1_local_sphere_r0p35,0.050386419129,0.0,4.34635416667,0.143961197511,0.0,0.989583333333,0.0,-1.0,0.0,0.989583333333,0.0,-0.143961197511,0.0320704250054,Hz,3.048544512796e-07,-8.794245824097e-08,C:\csttmp\huy_sf_safe_hfield96_s\L1_short_dipole_x_1p2G_hfield96.cst,1D Results\Probes\H-Field\H-Field (0.0503864 0 4.34635)(Z) [1],CST ResultTree 1D complex local Cartesian H-field probe,1,field_weighted_48,field_weighted,48,nearest_full96_cell_aggregation
L1_short_dipole_x_1p2G,1200000000,49,49,level1_local_sphere_r0p35,-0.0734474433527,-0.342031934414,3.9890625,-0.209849838151,-0.977234098325,-0.03125,0.977711613182,-0.209952379001,0.0,-0.00656101184379,-0.0305534879119,0.999511599482,0.0320704250054,Hx,-3.700184650086e-13,5.088538921929e-13,C:\csttmp\huy_sf_safe_hfield96_s\L1_short_dipole_x_1p2G_hfield96.cst,1D Results\Probes\H-Field\H-Field (-0.0734474 -0.342032 3.98906)(X) [1],CST ResultTree 1D complex local Cartesian H-field probe,2,field_weighted_48,field_weighted,48,nearest_full96_cell_aggregation
L1_short_dipole_x_1p2G,1200000000,49,49,level1_local_sphere_r0p35,-0.0734474433527,-0.342031934414,3.9890625,-0.209849838151,-0.977234098325,-0.03125,0.977711613182,-0.209952379001,0.0,-0.00656101184379,-0.0305534879119,0.999511599482,0.0320704250054,Hy,-1.300111210585e-06,-5.104121170858e-07,C:\csttmp\huy_sf_safe_hfield96_s\L1_short_dipole_x_1p2G_hfield96.cst,1D Results\Probes\H-Field\H-Field (-0.0734474 -0.342032 3.98906)(Y) [1],CST ResultTree 1D complex local Cartesian H-field probe,2,field_weighted_48,field_weighted,48,nearest_full96_cell_aggregation
L1_short_dipole_x_1p2G,1200000000,49,49,level1_local_sphere_r0p35,-0.0734474433527,-0.342031934414,3.9890625,-0.209849838151,-0.977234098325,-0.03125,0.977711613182,-0.209952379001,0.0,-0.00656101184379,-0.0305534879119,0.999511599482,0.0320704250054,Hz,1.641835090293e-05,1.010392527254e-05,C:\csttmp\huy_sf_safe_hfield96_s\L1_short_dipole_x_1p2G_hfield96.cst,1D Results\Probes\H-Field\H-Field (-0.0734474 -0.342032 3.98906)(Z) [1],CST ResultTree 1D complex local Cartesian H-field probe,2,field_weighted_48,field_weighted,48,nearest_full96_cell_aggregation
L1_short_dipole_x_1p2G,1200000000,40,40,level1_local_sphere_r0p35,-0.0618748285048,0.340118777696,4.0546875,-0.1767852243,0.971767936274,0.15625,-0.983852060512,-0.17898358312,0.0,0.0279661848625,-0.153726884455,0.98771753933,0.0320704250054,Hx,2.594452785421e-12,-2.5190084185740002e-12,C:\csttmp\huy_sf_safe_hfield96_s\L1_short_dipole_x_1p2G_hfield96.cst,1D Results\Probes\H-Field\H-Field (-0.0618748 0.340119 4.05469)(X) [1],CST ResultTree 1D complex local Cartesian H-field probe,3,field_weighted_48,field_weighted,48,nearest_full96_cell_aggregation
L1_short_dipole_x_1p2G,1200000000,40,40,level1_local_sphere_r0p35,-0.0618748285048,0.340118777696,4.0546875,-0.1767852243,0.971767936274,0.15625,-0.983852060512,-0.17898358312,0.0,0.0279661848625,-0.153726884455,0.98771753933,0.0320704250054,Hy,3.103537421432e-06,1.331308975538e-06,C:\csttmp\huy_sf_safe_hfield96_s\L1_short_dipole_x_1p2G_hfield96.cst,1D Results\Probes\H-Field\H-Field (-0.0618748 0.340119 4.05469)(Y) [1],CST ResultTree 1D complex local Cartesian H-field probe,3,field_weighted_48,field_weighted,48,nearest_full96_cell_aggregation
L1_short_dipole_x_1p2G,1200000000,40,40,level1_local_sphere_r0p35,-0.0618748285048,0.340118777696,4.0546875,-0.1767852243,0.971767936274,0.15625,-0.983852060512,-0.17898358312,0.0,0.0279661848625,-0.153726884455,0.98771753933,0.0320704250054,Hz,-1.665629615968e-05,-9.548747256211e-06,C:\csttmp\huy_sf_safe_hfield96_s\L1_short_dipole_x_1p2G_hfield96.cst,1D Results\Probes\H-Field\H-Field (-0.0618748 0.340119 4.05469)(Z) [1],CST ResultTree 1D complex local Cartesian H-field probe,3,field_weighted_48,field_weighted,48,nearest_full96_cell_aggregation
L1_short_dipole_x_1p2G,1200000000,60,60,level1_local_sphere_r0p35,0.294014577107,-0.166576905705,3.90885416667,0.840041648878,-0.475934016301,-0.260416666667,0.492942336922,0.87006198197,-0.0,0.226578641138,-0.12837040024,0.965496328176,0.0481056375081,Hx,3.621993756358e-12,-2.4874360207310002e-11,C:\csttmp\huy_sf_safe_hfield96_s\L1_short_dipole_x_1p2G_hfield96.cst,1D Results\Probes\H-Field\H-Field (0.294015 -0.166577 3.90885)(X) [1],CST ResultTree 1D complex local Cartesian H-field probe,4,field_weighted_48,field_weighted,48,nearest_full96_cell_aggregation
L1_short_dipole_x_1p2G,1200000000,60,60,level1_local_sphere_r0p35,0.294014577107,-0.166576905705,3.90885416667,0.840041648878,-0.475934016301,-0.260416666667,0.492942336922,0.87006198197,-0.0,0.226578641138,-0.12837040024,0.965496328176,0.0481056375081,Hy,-4.848538834466e-06,-2.518668219739e-06,C:\csttmp\huy_sf_safe_hfield96_s\L1_short_dipole_x_1p2G_hfield96.cst,1D Results\Probes\H-Field\H-Field (0.294015 -0.166577 3.90885)(Y) [1],CST ResultTree 1D complex local Cartesian H-field probe,4,field_weighted_48,field_weighted,48,nearest_full96_cell_aggregation
L1_short_dipole_x_1p2G,1200000000,60,60,level1_local_sphere_r0p35,0.294014577107,-0.166576905705,3.90885416667,0.840041648878,-0.475934016301,-0.260416666667,0.492942336922,0.87006198197,-0.0,0.226578641138,-0.12837040024,0.965496328176,0.0481056375081,Hz,7.846094650502e-06,4.436660603703e-06,C:\csttmp\huy_sf_safe_hfield96_s\L1_short_dipole_x_1p2G_hfield96.cst,1D Results\Probes\H-Field\H-Field (0.294015 -0.166577 3.90885)(Z) [1],CST ResultTree 1D complex local Cartesian H-field probe,4,field_weighted_48,field_weighted,48,nearest_full96_cell_aggregation
L1_short_dipole_x_1p2G,1200000000,50,50,level1_local_sphere_r0p35,0.284949194234,0.202414560217,3.98177083333,0.814140554955,0.578327314906,-0.0520833333333,-0.579113321024,0.815247055445,0.0,0.0424607841378,0.0301621521367,0.99864274212,0.0481056375081,Hx,7.488514885924999e-13,-5.162738745061e-12,C:\csttmp\huy_sf_safe_hfield96_s\L1_short_dipole_x_1p2G_hfield96.cst,1D Results\Probes\H-Field\H-Field (0.284949 0.202415 3.98177)(X) [1],CST ResultTree 1D complex local Cartesian H-field probe,5,field_weighted_48,field_weighted,48,nearest_full96_cell_aggregation
L1_short_dipole_x_1p2G,1200000000,50,50,level1_local_sphere_r0p35,0.284949194234,0.202414560217,3.98177083333,0.814140554955,0.578327314906,-0.0520833333333,-0.579113321024,0.815247055445,0.0,0.0424607841378,0.0301621521367,0.99864274212,0.0481056375081,Hy,-1.079163944766e-06,-4.888793538898e-07,C:\csttmp\huy_sf_safe_hfield96_s\L1_short_dipole_x_1p2G_hfield96.cst,1D Results\Probes\H-Field\H-Field (0.284949 0.202415 3.98177)(Y) [1],CST ResultTree 1D complex local Cartesian H-field probe,5,field_weighted_48,field_weighted,48,nearest_full96_cell_aggregation
L1_short_dipole_x_1p2G,1200000000,50,50,level1_local_sphere_r0p35,0.284949194234,0.202414560217,3.98177083333,0.814140554955,0.578327314906,-0.0520833333333,-0.579113321024,0.815247055445,0.0,0.0424607841378,0.0301621521367,0.99864274212,0.0481056375081,Hz,-9.689496979143e-06,-5.474027844788e-06,C:\csttmp\huy_sf_safe_hfield96_s\L1_short_dipole_x_1p2G_hfield96.cst,1D Results\Probes\H-Field\H-Field (0.284949 0.202415 3.98177)(Z) [1],CST ResultTree 1D complex local Cartesian H-field probe,5,field_weighted_48,field_weighted,48,nearest_full96_cell_aggregation
L1_short_dipole_x_1p2G,1200000000,25,25,level1_local_sphere_r0p35,-0.294540031094,-0.0939663034128,4.1640625,-0.841542945982,-0.268475152608,0.46875,0.303934980345,-0.952692777197,0.0,0.446574739311,0.142469522037,0.883330876569,0.0481056375081,Hx,1.4662563418100002e-11,-4.009199802424e-11,C:\csttmp\huy_sf_safe_hfield96_s\L1_short_dipole_x_1p2G_hfield96.cst,1D Results\Probes\H-Field\H-Field (-0.29454 -0.0939663 4.16406)(X) [1],CST ResultTree 1D complex local Cartesian H-field probe,6,field_weighted_48,field_weighted,48,nearest_full96_cell_aggregation
L1_short_dipole_x_1p2G,1200000000,25,25,level1_local_sphere_r0p35,-0.294540031094,-0.0939663034128,4.1640625,-0.841542945982,-0.268475152608,0.46875,0.303934980345,-0.952692777197,0.0,0.446574739311,0.142469522037,0.883330876569,0.0481056375081,Hy,7.837384754064e-06,4.612454476799e-06,C:\csttmp\huy_sf_safe_hfield96_s\L1_short_dipole_x_1p2G_hfield96.cst,1D Results\Probes\H-Field\H-Field (-0.29454 -0.0939663 4.16406)(Y) [1],CST ResultTree 1D complex local Cartesian H-field probe,6,field_weighted_48,field_weighted,48,nearest_full96_cell_aggregation
L1_short_dipole_x_1p2G,1200000000,25,25,level1_local_sphere_r0p35,-0.294540031094,-0.0939663034128,4.1640625,-0.841542945982,-0.268475152608,0.46875,0.303934980345,-0.952692777197,0.0,0.446574739311,0.142469522037,0.883330876569,0.0481056375081,Hz,4.884123347205e-06,2.748435322774e-06,C:\csttmp\huy_sf_safe_hfield96_s\L1_short_dipole_x_1p2G_hfield96.cst,1D Results\Probes\H-Field\H-Field (-0.29454 -0.0939663 4.16406)(Z) [1],CST ResultTree 1D complex local Cartesian H-field probe,6,field_weighted_48,field_weighted,48,nearest_full96_cell_aggregation
L1_short_dipole_x_1p2G,1200000000,64,64,level1_local_sphere_r0p35,-0.309813379442,0.10972954143,3.8796875,-0.88518108412,0.313512975515,-0.34375,-0.33385787368,-0.942623424376,0.0,-0.324026802129,0.114763644077,0.939061200082,0.0481056375081,Hx,-1.186428932708e-11,3.210004878e-11,C:\csttmp\huy_sf_safe_hfield96_s\L1_short_dipole_x_1p2G_hfield96.cst,1D Results\Probes\H-Field\H-Field (-0.309813 0.10973 3.87969)(X) [1],CST ResultTree 1D complex local Cartesian H-field probe,7,field_weighted_48,field_weighted,48,nearest_full96_cell_aggregation
L1_short_dipole_x_1p2G,1200000000,64,64,level1_local_sphere_r0p35,-0.309813379442,0.10972954143,3.8796875,-0.88518108412,0.313512975515,-0.34375,-0.33385787368,-0.942623424376,0.0,-0.324026802129,0.114763644077,0.939061200082,0.0481056375081,Hy,-6.047808363307e-06,-3.379699066907e-06,C:\csttmp\huy_sf_safe_hfield96_s\L1_short_dipole_x_1p2G_hfield96.cst,1D Results\Probes\H-Field\H-Field (-0.309813 0.10973 3.87969)(Y) [1],CST ResultTree 1D complex local Cartesian H-field probe,7,field_weighted_48,field_weighted,48,nearest_full96_cell_aggregation
L1_short_dipole_x_1p2G,1200000000,64,64,level1_local_sphere_r0p35,-0.309813379442,0.10972954143,3.8796875,-0.88518108412,0.313512975515,-0.34375,-0.33385787368,-0.942623424376,0.0,-0.324026802129,0.114763644077,0.939061200082,0.0481056375081,Hz,-5.699552719461e-06,-3.105523104392e-06,C:\csttmp\huy_sf_safe_hfield96_s\L1_short_dipole_x_1p2G_hfield96.cst,1D Results\Probes\H-Field\H-Field (-0.309813 0.10973 3.87969)(Z) [1],CST ResultTree 1D complex local Cartesian H-field probe,7,field_weighted_48,field_weighted,48,nearest_full96_cell_aggregation
L1_short_dipole_x_1p2G,1200000000,83,83,level1_local_sphere_r0p35,-0.0683067632352,-0.225452226637,3.74114583333,-0.195162180672,-0.644149218963,-0.739583333333,0.957038651237,-0.289960376671,0.0,-0.214449861913,-0.70780983581,0.673064999131,0.0320704250054,Hx,-8.799429905716e-12,1.2381680591940002e-11,C:\csttmp\huy_sf_safe_hfield96_s\L1_short_dipole_x_1p2G_hfield96.cst,1D Results\Probes\H-Field\H-Field (-0.0683068 -0.225452 3.74115)(X) [1],CST ResultTree 1D complex local Cartesian H-field probe,8,field_weighted_48,field_weighted,48,nearest_full96_cell_aggregation
L1_short_dipole_x_1p2G,1200000000,83,83,level1_local_sphere_r0p35,-0.0683067632352,-0.225452226637,3.74114583333,-0.195162180672,-0.644149218963,-0.739583333333,0.957038651237,-0.289960376671,0.0,-0.214449861913,-0.70780983581,0.673064999131,0.0320704250054,Hy,-1.284609496272e-05,-7.029889550047e-06,C:\csttmp\huy_sf_safe_hfield96_s\L1_short_dipole_x_1p2G_hfield96.cst,1D Results\Probes\H-Field\H-Field (-0.0683068 -0.225452 3.74115)(Y) [1],CST ResultTree 1D complex local Cartesian H-field probe,8,field_weighted_48,field_weighted,48,nearest_full96_cell_aggregation
L1_short_dipole_x_1p2G,1200000000,83,83,level1_local_sphere_r0p35,-0.0683067632352,-0.225452226637,3.74114583333,-0.195162180672,-0.644149218963,-0.739583333333,0.957038651237,-0.289960376671,0.0,-0.214449861913,-0.70780983581,0.673064999131,0.0320704250054,Hz,1.09552950188e-05,5.92399766739e-06,C:\csttmp\huy_sf_safe_hfield96_s\L1_short_dipole_x_1p2G_hfield96.cst,1D Results\Probes\H-Field\H-Field (-0.0683068 -0.225452 3.74115)(Z) [1],CST ResultTree 1D complex local Cartesian H-field probe,8,field_weighted_48,field_weighted,48,nearest_full96_cell_aggregation
L1_short_dipole_x_1p2G,1200000000,15,15,level1_local_sphere_r0p35,-0.0331001415477,-0.255431507836,4.23697916667,-0.0945718329936,-0.729804308104,0.677083333333,0.991708123697,-0.128510689799,0.0,0.0870124462181,0.671469042087,0.735906352549,0.0160352125027,Hx,6.422425519124e-12,-4.156715716623e-12,C:\csttmp\huy_sf_safe_hfield96_s\L1_short_dipole_x_1p2G_hfield96.cst,1D Results\Probes\H-Field\H-Field (-0.0331001 -0.255432 4.23698)(X) [1],CST ResultTree 1D complex local Cartesian H-field probe,9,field_weighted_48,field_weighted,48,nearest_full96_cell_aggregation
L1_short_dipole_x_1p2G,1200000000,15,15,level1_local_sphere_r0p35,-0.0331001415477,-0.255431507836,4.23697916667,-0.0945718329936,-0.729804308104,0.677083333333,0.991708123697,-0.128510689799,0.0,0.0870124462181,0.671469042087,0.735906352549,0.0160352125027,Hy,1.139556582824e-05,6.181642553262e-06,C:\csttmp\huy_sf_safe_hfield96_s\L1_short_dipole_x_1p2G_hfield96.cst,1D Results\Probes\H-Field\H-Field (-0.0331001 -0.255432 4.23698)(Y) [1],CST ResultTree 1D complex local Cartesian H-field probe,9,field_weighted_48,field_weighted,48,nearest_full96_cell_aggregation
L1_short_dipole_x_1p2G,1200000000,15,15,level1_local_sphere_r0p35,-0.0331001415477,-0.255431507836,4.23697916667,-0.0945718329936,-0.729804308104,0.677083333333,0.991708123697,-0.128510689799,0.0,0.0870124462181,0.671469042087,0.735906352549,0.0160352125027,Hz,1.284826503957e-05,6.83956125725e-06,C:\csttmp\huy_sf_safe_hfield96_s\L1_short_dipole_x_1p2G_hfield96.cst,1D Results\Probes\H-Field\H-Field (-0.0331001 -0.255432 4.23698)(Z) [1],CST ResultTree 1D complex local Cartesian H-field probe,9,field_weighted_48,field_weighted,48,nearest_full96_cell_aggregation
L1_short_dipole_x_1p2G,1200000000,74,74,level1_local_sphere_r0p35,-0.0283481783019,0.290445984541,3.80677083333,-0.0809947951483,0.829845670119,-0.552083333333,-0.995270664245,-0.0971406449059,0.0,-0.0536297310418,0.549472345885,0.833788937955,0.0320704250054,Hx,-4.810812349256e-12,2.633989562292e-12,C:\csttmp\huy_sf_safe_hfield96_s\L1_short_dipole_x_1p2G_hfield96.cst,1D Results\Probes\H-Field\H-Field (-0.0283482 0.290446 3.80677)(X) [1],CST ResultTree 1D complex local Cartesian H-field probe,10,field_weighted_48,field_weighted,48,nearest_full96_cell_aggregation
L1_short_dipole_x_1p2G,1200000000,74,74,level1_local_sphere_r0p35,-0.0283481783019,0.290445984541,3.80677083333,-0.0809947951483,0.829845670119,-0.552083333333,-0.995270664245,-0.0971406449059,0.0,-0.0536297310418,0.549472345885,0.833788937955,0.0320704250054,Hy,-9.002906303471e-06,-5.122263057832e-06,C:\csttmp\huy_sf_safe_hfield96_s\L1_short_dipole_x_1p2G_hfield96.cst,1D Results\Probes\H-Field\H-Field (-0.0283482 0.290446 3.80677)(Y) [1],CST ResultTree 1D complex local Cartesian H-field probe,10,field_weighted_48,field_weighted,48,nearest_full96_cell_aggregation
L1_short_dipole_x_1p2G,1200000000,74,74,level1_local_sphere_r0p35,-0.0283481783019,0.290445984541,3.80677083333,-0.0809947951483,0.829845670119,-0.552083333333,-0.995270664245,-0.0971406449059,0.0,-0.0536297310418,0.549472345885,0.833788937955,0.0320704250054,Hz,-1.471543462717e-05,-7.887746631779e-06,C:\csttmp\huy_sf_safe_hfield96_s\L1_short_dipole_x_1p2G_hfield96.cst,1D Results\Probes\H-Field\H-Field (-0.0283482 0.290446 3.80677)(Z) [1],CST ResultTree 1D complex local Cartesian H-field probe,10,field_weighted_48,field_weighted,48,nearest_full96_cell_aggregation
L1_short_dipole_x_1p2G,1200000000,14,14,level1_local_sphere_r0p35,-0.144163462072,0.205057689897,4.24427083333,-0.41189560592,0.585879113993,0.697916666667,-0.81806243022,-0.57512942914,0.0,0.401392414087,-0.570939404424,0.716178976506,0.0320704250054,Hx,1.3647363226200002e-11,-2.8754215671340003e-11,C:\csttmp\huy_sf_safe_hfield96_s\L1_short_dipole_x_1p2G_hfield96.cst,1D Results\Probes\H-Field\H-Field (-0.144163 0.205058 4.24427)(X) [1],CST ResultTree 1D complex local Cartesian H-field probe,11,field_weighted_48,field_weighted,48,nearest_full96_cell_aggregation
L1_short_dipole_x_1p2G,1200000000,14,14,level1_local_sphere_r0p35,-0.144163462072,0.205057689897,4.24427083333,-0.41189560592,0.585879113993,0.697916666667,-0.81806243022,-0.57512942914,0.0,0.401392414087,-0.570939404424,0.716178976506,0.0320704250054,Hy,1.19979303828e-05,6.58483054236e-06,C:\csttmp\huy_sf_safe_hfield96_s\L1_short_dipole_x_1p2G_hfield96.cst,1D Results\Probes\H-Field\H-Field (-0.144163 0.205058 4.24427)(Y) [1],CST ResultTree 1D complex local Cartesian H-field probe,11,field_weighted_48,field_weighted,48,nearest_full96_cell_aggregation
L1_short_dipole_x_1p2G,1200000000,14,14,level1_local_sphere_r0p35,-0.144163462072,0.205057689897,4.24427083333,-0.41189560592,0.585879113993,0.697916666667,-0.81806243022,-0.57512942914,0.0,0.401392414087,-0.570939404424,0.716178976506,0.0320704250054,Hz,-9.645132605486e-06,-5.669842234512e-06,C:\csttmp\huy_sf_safe_hfield96_s\L1_short_dipole_x_1p2G_hfield96.cst,1D Results\Probes\H-Field\H-Field (-0.144163 0.205058 4.24427)(Z) [1],CST ResultTree 1D complex local Cartesian H-field probe,11,field_weighted_48,field_weighted,48,nearest_full96_cell_aggregation
L1_short_dipole_x_1p2G,1200000000,16,16,level1_local_sphere_r0p35,0.201936333078,0.170192155303,4.2296875,0.576960951652,0.486263300866,0.65625,-0.644446982884,0.764648995456,0.0,-0.501800903268,-0.422918332518,0.754543529228,0.0641408500108,Hx,-8.431353106627e-12,4.4249132201910004e-11,C:\csttmp\huy_sf_safe_hfield96_s\L1_short_dipole_x_1p2G_hfield96.cst,1D Results\Probes\H-Field\H-Field (0.201936 0.170192 4.22969)(X) [1],CST ResultTree 1D complex local Cartesian H-field probe,12,field_weighted_48,field_weighted,48,nearest_full96_cell_aggregation
L1_short_dipole_x_1p2G,1200000000,16,16,level1_local_sphere_r0p35,0.201936333078,0.170192155303,4.2296875,0.576960951652,0.486263300866,0.65625,-0.644446982884,0.764648995456,0.0,-0.501800903268,-0.422918332518,0.754543529228,0.0641408500108,Hy,1.109770447887e-05,5.780600660874e-06,C:\csttmp\huy_sf_safe_hfield96_s\L1_short_dipole_x_1p2G_hfield96.cst,1D Results\Probes\H-Field\H-Field (0.201936 0.170192 4.22969)(Y) [1],CST ResultTree 1D complex local Cartesian H-field probe,12,field_weighted_48,field_weighted,48,nearest_full96_cell_aggregation
L1_short_dipole_x_1p2G,1200000000,16,16,level1_local_sphere_r0p35,0.201936333078,0.170192155303,4.2296875,0.576960951652,0.486263300866,0.65625,-0.644446982884,0.764648995456,0.0,-0.501800903268,-0.422918332518,0.754543529228,0.0641408500108,Hz,-8.137461077429e-06,-4.678577465441e-06,C:\csttmp\huy_sf_safe_hfield96_s\L1_short_dipole_x_1p2G_hfield96.cst,1D Results\Probes\H-Field\H-Field (0.201936 0.170192 4.22969)(Z) [1],CST ResultTree 1D complex local Cartesian H-field probe,12,field_weighted_48,field_weighted,48,nearest_full96_cell_aggregation
L1_short_dipole_x_1p2G,1200000000,31,31,level1_local_sphere_r0p35,0.177757907471,-0.276454388056,4.1203125,0.507879735632,-0.789869680159,0.34375,0.84112694688,0.540837738358,-0.0,-0.185912972561,0.28913738799,0.939061200082,0.0320704250054,Hx,-2.913825393646e-12,2.090947457989e-11,C:\csttmp\huy_sf_safe_hfield96_s\L1_short_dipole_x_1p2G_hfield96.cst,1D Results\Probes\H-Field\H-Field (0.177758 -0.276454 4.12031)(X) [1],CST ResultTree 1D complex local Cartesian H-field probe,13,field_weighted_48,field_weighted,48,nearest_full96_cell_aggregation
L1_short_dipole_x_1p2G,1200000000,31,31,level1_local_sphere_r0p35,0.177757907471,-0.276454388056,4.1203125,0.507879735632,-0.789869680159,0.34375,0.84112694688,0.540837738358,-0.0,-0.185912972561,0.28913738799,0.939061200082,0.0320704250054,Hy,5.977639664716e-06,3.25542574414e-06,C:\csttmp\huy_sf_safe_hfield96_s\L1_short_dipole_x_1p2G_hfield96.cst,1D Results\Probes\H-Field\H-Field (0.177758 -0.276454 4.12031)(Y) [1],CST ResultTree 1D complex local Cartesian H-field probe,13,field_weighted_48,field_weighted,48,nearest_full96_cell_aggregation
L1_short_dipole_x_1p2G,1200000000,31,31,level1_local_sphere_r0p35,0.177757907471,-0.276454388056,4.1203125,0.507879735632,-0.789869680159,0.34375,0.84112694688,0.540837738358,-0.0,-0.185912972561,0.28913738799,0.939061200082,0.0320704250054,Hz,1.374246124398e-05,7.632627696123e-06,C:\csttmp\huy_sf_safe_hfield96_s\L1_short_dipole_x_1p2G_hfield96.cst,1D Results\Probes\H-Field\H-Field (0.177758 -0.276454 4.12031)(Z) [1],CST ResultTree 1D complex local Cartesian H-field probe,13,field_weighted_48,field_weighted,48,nearest_full96_cell_aggregation
L1_short_dipole_x_1p2G,1200000000,84,84,level1_local_sphere_r0p35,0.195543298908,0.115884484084,3.73385416667,0.558695139737,0.331098525955,-0.760416666667,-0.509825096378,0.860278077776,0.0,0.654169788309,0.387679500371,0.649435518782,0.0320704250054,Hx,8.964371249327e-12,-5.0819313599550004e-11,C:\csttmp\huy_sf_safe_hfield96_s\L1_short_dipole_x_1p2G_hfield96.cst,1D Results\Probes\H-Field\H-Field (0.195543 0.115884 3.73385)(X) [1],CST ResultTree 1D complex local Cartesian H-field probe,14,field_weighted_48,field_weighted,48,nearest_full96_cell_aggregation
L1_short_dipole_x_1p2G,1200000000,84,84,level1_local_sphere_r0p35,0.195543298908,0.115884484084,3.73385416667,0.558695139737,0.331098525955,-0.760416666667,-0.509825096378,0.860278077776,0.0,0.654169788309,0.387679500371,0.649435518782,0.0320704250054,Hy,-1.31421115606e-05,-6.973440353175e-06,C:\csttmp\huy_sf_safe_hfield96_s\L1_short_dipole_x_1p2G_hfield96.cst,1D Results\Probes\H-Field\H-Field (0.195543 0.115884 3.73385)(Y) [1],CST ResultTree 1D complex local Cartesian H-field probe,14,field_weighted_48,field_weighted,48,nearest_full96_cell_aggregation
L1_short_dipole_x_1p2G,1200000000,84,84,level1_local_sphere_r0p35,0.195543298908,0.115884484084,3.73385416667,0.558695139737,0.331098525955,-0.760416666667,-0.509825096378,0.860278077776,0.0,0.654169788309,0.387679500371,0.649435518782,0.0320704250054,Hz,-5.941998367735e-06,-3.164386406156e-06,C:\csttmp\huy_sf_safe_hfield96_s\L1_short_dipole_x_1p2G_hfield96.cst,1D Results\Probes\H-Field\H-Field (0.195543 0.115884 3.73385)(Z) [1],CST ResultTree 1D complex local Cartesian H-field probe,14,field_weighted_48,field_weighted,48,nearest_full96_cell_aggregation
L1_short_dipole_x_1p2G,1200000000,67,67,level1_local_sphere_r0p35,-0.268159444272,-0.174279164823,3.8578125,-0.766169840778,-0.497940470922,-0.40625,0.544934553379,-0.838478582036,0.0,-0.340631923952,-0.22137966231,0.913761969826,0.0160352125027,Hx,-1.160779800185e-11,3.181420717745e-11,C:\csttmp\huy_sf_safe_hfield96_s\L1_short_dipole_x_1p2G_hfield96.cst,1D Results\Probes\H-Field\H-Field (-0.268159 -0.174279 3.85781)(X) [1],CST ResultTree 1D complex local Cartesian H-field probe,15,field_weighted_48,field_weighted,48,nearest_full96_cell_aggregation
L1_short_dipole_x_1p2G,1200000000,67,67,level1_local_sphere_r0p35,-0.268159444272,-0.174279164823,3.8578125,-0.766169840778,-0.497940470922,-0.40625,0.544934553379,-0.838478582036,0.0,-0.340631923952,-0.22137966231,0.913761969826,0.0160352125027,Hy,-7.054171119464e-06,-3.940352495225e-06,C:\csttmp\huy_sf_safe_hfield96_s\L1_short_dipole_x_1p2G_hfield96.cst,1D Results\Probes\H-Field\H-Field (-0.268159 -0.174279 3.85781)(Y) [1],CST ResultTree 1D complex local Cartesian H-field probe,15,field_weighted_48,field_weighted,48,nearest_full96_cell_aggregation
L1_short_dipole_x_1p2G,1200000000,67,67,level1_local_sphere_r0p35,-0.268159444272,-0.174279164823,3.8578125,-0.766169840778,-0.497940470922,-0.40625,0.544934553379,-0.838478582036,0.0,-0.340631923952,-0.22137966231,0.913761969826,0.0160352125027,Hz,8.305697188894e-06,4.433908376403e-06,C:\csttmp\huy_sf_safe_hfield96_s\L1_short_dipole_x_1p2G_hfield96.cst,1D Results\Probes\H-Field\H-Field (-0.268159 -0.174279 3.85781)(Z) [1],CST ResultTree 1D complex local Cartesian H-field probe,15,field_weighted_48,field_weighted,48,nearest_full96_cell_aggregation
L1_short_dipole_x_1p2G,1200000000,86,86,level1_local_sphere_r0p35,0.121878573984,-0.169813863351,3.71927083333,0.348224497096,-0.485182466718,-0.802083333333,0.812412279642,0.583083431326,-0.0,0.467681502209,-0.651622349296,0.597212128468,0.0320704250054,Hx,2.1580629169440002e-12,-3.335259149595e-11,C:\csttmp\huy_sf_safe_hfield96_s\L1_short_dipole_x_1p2G_hfield96.cst,1D Results\Probes\H-Field\H-Field (0.121879 -0.169814 3.71927)(X) [1],CST ResultTree 1D complex local Cartesian H-field probe,16,field_weighted_48,field_weighted,48,nearest_full96_cell_aggregation
L1_short_dipole_x_1p2G,1200000000,86,86,level1_local_sphere_r0p35,0.121878573984,-0.169813863351,3.71927083333,0.348224497096,-0.485182466718,-0.802083333333,0.812412279642,0.583083431326,-0.0,0.467681502209,-0.651622349296,0.597212128468,0.0320704250054,Hy,-1.419198703951e-05,-7.780065340055e-06,C:\csttmp\huy_sf_safe_hfield96_s\L1_short_dipole_x_1p2G_hfield96.cst,1D Results\Probes\H-Field\H-Field (0.121879 -0.169814 3.71927)(Y) [1],CST ResultTree 1D complex local Cartesian H-field probe,16,field_weighted_48,field_weighted,48,nearest_full96_cell_aggregation
L1_short_dipole_x_1p2G,1200000000,86,86,level1_local_sphere_r0p35,0.121878573984,-0.169813863351,3.71927083333,0.348224497096,-0.485182466718,-0.802083333333,0.812412279642,0.583083431326,-0.0,0.467681502209,-0.651622349296,0.597212128468,0.0320704250054,Hz,7.867444049906e-06,4.696932359706e-06,C:\csttmp\huy_sf_safe_hfield96_s\L1_short_dipole_x_1p2G_hfield96.cst,1D Results\Probes\H-Field\H-Field (0.121879 -0.169814 3.71927)(Z) [1],CST ResultTree 1D complex local Cartesian H-field probe,16,field_weighted_48,field_weighted,48,nearest_full96_cell_aggregation
L1_short_dipole_x_1p2G,1200000000,4,4,level1_local_sphere_r0p35,-0.145697968509,-0.0257719191415,4.3171875,-0.416279910024,-0.0736340546901,0.90625,0.0,-0.996715361819,-0.0809844893381,0.909236512966,-0.033712215935,0.414912581138,0.0320704250054,Hx,1.7577815648990003e-11,-3.7867978566680005e-11,C:\csttmp\huy_sf_safe_hfield96_s\L1_short_dipole_x_1p2G_hfield96.cst,1D Results\Probes\H-Field\H-Field (-0.145698 -0.0257719 4.31719)(X) [1],CST ResultTree 1D complex local Cartesian H-field probe,17,field_weighted_48,field_weighted,48,nearest_full96_cell_aggregation
L1_short_dipole_x_1p2G,1200000000,4,4,level1_local_sphere_r0p35,-0.145697968509,-0.0257719191415,4.3171875,-0.416279910024,-0.0736340546901,0.90625,0.0,-0.996715361819,-0.0809844893381,0.909236512966,-0.033712215935,0.414912581138,0.0320704250054,Hy,1.562685804422e-05,9.242698080671e-06,C:\csttmp\huy_sf_safe_hfield96_s\L1_short_dipole_x_1p2G_hfield96.cst,1D Results\Probes\H-Field\H-Field (-0.145698 -0.0257719 4.31719)(Y) [1],CST ResultTree 1D complex local Cartesian H-field probe,17,field_weighted_48,field_weighted,48,nearest_full96_cell_aggregation
L1_short_dipole_x_1p2G,1200000000,4,4,level1_local_sphere_r0p35,-0.145697968509,-0.0257719191415,4.3171875,-0.416279910024,-0.0736340546901,0.90625,0.0,-0.996715361819,-0.0809844893381,0.909236512966,-0.033712215935,0.414912581138,0.0320704250054,Hz,1.627681716858e-06,5.507611043236e-07,C:\csttmp\huy_sf_safe_hfield96_s\L1_short_dipole_x_1p2G_hfield96.cst,1D Results\Probes\H-Field\H-Field (-0.145698 -0.0257719 4.31719)(Z) [1],CST ResultTree 1D complex local Cartesian H-field probe,17,field_weighted_48,field_weighted,48,nearest_full96_cell_aggregation
L1_short_dipole_x_1p2G,1200000000,45,45,level1_local_sphere_r0p35,0.131785818659,0.323728583049,4.01822916667,0.376530910455,0.924938808712,0.0520833333333,-0.926195895389,0.377042654569,0.0,-0.0196376382588,-0.0482393695515,0.99864274212,0.0320704250054,Hx,-7.587598001719e-13,2.709572218984e-12,C:\csttmp\huy_sf_safe_hfield96_s\L1_short_dipole_x_1p2G_hfield96.cst,1D Results\Probes\H-Field\H-Field (0.131786 0.323729 4.01823)(X) [1],CST ResultTree 1D complex local Cartesian H-field probe,18,field_weighted_48,field_weighted,48,nearest_full96_cell_aggregation
L1_short_dipole_x_1p2G,1200000000,45,45,level1_local_sphere_r0p35,0.131785818659,0.323728583049,4.01822916667,0.376530910455,0.924938808712,0.0520833333333,-0.926195895389,0.377042654569,0.0,-0.0196376382588,-0.0482393695515,0.99864274212,0.0320704250054,Hy,1.087729904675e-06,4.20666745491e-07,C:\csttmp\huy_sf_safe_hfield96_s\L1_short_dipole_x_1p2G_hfield96.cst,1D Results\Probes\H-Field\H-Field (0.131786 0.323729 4.01823)(Y) [1],CST ResultTree 1D complex local Cartesian H-field probe,18,field_weighted_48,field_weighted,48,nearest_full96_cell_aggregation
L1_short_dipole_x_1p2G,1200000000,45,45,level1_local_sphere_r0p35,0.131785818659,0.323728583049,4.01822916667,0.376530910455,0.924938808712,0.0520833333333,-0.926195895389,0.377042654569,0.0,-0.0196376382588,-0.0482393695515,0.99864274212,0.0320704250054,Hz,-1.587344167062e-05,-9.603879245398e-06,C:\csttmp\huy_sf_safe_hfield96_s\L1_short_dipole_x_1p2G_hfield96.cst,1D Results\Probes\H-Field\H-Field (0.131786 0.323729 4.01823)(Z) [1],CST ResultTree 1D complex local Cartesian H-field probe,18,field_weighted_48,field_weighted,48,nearest_full96_cell_aggregation
L1_short_dipole_x_1p2G,1200000000,13,13,level1_local_sphere_r0p35,0.237668202016,-0.0522506875014,4.2515625,0.679052005759,-0.149287678576,0.71875,0.214719429041,0.976675773628,-0.0,-0.701985712295,0.154329589623,0.695268608165,0.0481056375081,Hx,-1.006605035948e-11,5.5832947653710005e-11,C:\csttmp\huy_sf_safe_hfield96_s\L1_short_dipole_x_1p2G_hfield96.cst,1D Results\Probes\H-Field\H-Field (0.237668 -0.0522507 4.25156)(X) [1],CST ResultTree 1D complex local Cartesian H-field probe,19,field_weighted_48,field_weighted,48,nearest_full96_cell_aggregation
L1_short_dipole_x_1p2G,1200000000,13,13,level1_local_sphere_r0p35,0.237668202016,-0.0522506875014,4.2515625,0.679052005759,-0.149287678576,0.71875,0.214719429041,0.976675773628,-0.0,-0.701985712295,0.154329589623,0.695268608165,0.0481056375081,Hy,1.245340922295e-05,6.318345494496e-06,C:\csttmp\huy_sf_safe_hfield96_s\L1_short_dipole_x_1p2G_hfield96.cst,1D Results\Probes\H-Field\H-Field (0.237668 -0.0522507 4.25156)(Y) [1],CST ResultTree 1D complex local Cartesian H-field probe,19,field_weighted_48,field_weighted,48,nearest_full96_cell_aggregation
L1_short_dipole_x_1p2G,1200000000,13,13,level1_local_sphere_r0p35,0.237668202016,-0.0522506875014,4.2515625,0.679052005759,-0.149287678576,0.71875,0.214719429041,0.976675773628,-0.0,-0.701985712295,0.154329589623,0.695268608165,0.0481056375081,Hz,2.989839050216e-06,1.344439591339e-06,C:\csttmp\huy_sf_safe_hfield96_s\L1_short_dipole_x_1p2G_hfield96.cst,1D Results\Probes\H-Field\H-Field (0.237668 -0.0522507 4.25156)(Z) [1],CST ResultTree 1D complex local Cartesian H-field probe,19,field_weighted_48,field_weighted,48,nearest_full96_cell_aggregation
L1_short_dipole_x_1p2G,1200000000,65,65,level1_local_sphere_r0p35,0.15302878807,-0.287748790912,3.87239583333,0.437225108772,-0.822139402605,-0.364583333333,0.882909380062,0.469543423549,-0.0,0.171187706502,-0.321894044814,0.931170764713,0.0320704250054,Hx,1.949532511452e-12,-1.9166044812490002e-11,C:\csttmp\huy_sf_safe_hfield96_s\L1_short_dipole_x_1p2G_hfield96.cst,1D Results\Probes\H-Field\H-Field (0.153029 -0.287749 3.8724)(X) [1],CST ResultTree 1D complex local Cartesian H-field probe,20,field_weighted_48,field_weighted,48,nearest_full96_cell_aggregation
L1_short_dipole_x_1p2G,1200000000,65,65,level1_local_sphere_r0p35,0.15302878807,-0.287748790912,3.87239583333,0.437225108772,-0.822139402605,-0.364583333333,0.882909380062,0.469543423549,-0.0,0.171187706502,-0.321894044814,0.931170764713,0.0320704250054,Hy,-6.30707888067e-06,-3.490749069056e-06,C:\csttmp\huy_sf_safe_hfield96_s\L1_short_dipole_x_1p2G_hfield96.cst,1D Results\Probes\H-Field\H-Field (0.153029 -0.287749 3.8724)(Y) [1],CST ResultTree 1D complex local Cartesian H-field probe,20,field_weighted_48,field_weighted,48,nearest_full96_cell_aggregation
L1_short_dipole_x_1p2G,1200000000,65,65,level1_local_sphere_r0p35,0.15302878807,-0.287748790912,3.87239583333,0.437225108772,-0.822139402605,-0.364583333333,0.882909380062,0.469543423549,-0.0,0.171187706502,-0.321894044814,0.931170764713,0.0320704250054,Hz,1.430133425009e-05,8.169177856039e-06,C:\csttmp\huy_sf_safe_hfield96_s\L1_short_dipole_x_1p2G_hfield96.cst,1D Results\Probes\H-Field\H-Field (0.153029 -0.287749 3.8724)(Z) [1],CST ResultTree 1D complex local Cartesian H-field probe,20,field_weighted_48,field_weighted,48,nearest_full96_cell_aggregation
L1_short_dipole_x_1p2G,1200000000,85,85,level1_local_sphere_r0p35,-0.213828128194,0.0448270586439,3.7265625,-0.610937509127,0.128077310411,-0.78125,-0.205180332571,-0.97872418542,0.0,-0.764628269859,0.160297134821,0.624218261107,0.0320704250054,Hx,-2.084972212713e-11,5.056892971323e-11,C:\csttmp\huy_sf_safe_hfield96_s\L1_short_dipole_x_1p2G_hfield96.cst,1D Results\Probes\H-Field\H-Field (-0.213828 0.0448271 3.72656)(X) [1],CST ResultTree 1D complex local Cartesian H-field probe,21,field_weighted_48,field_weighted,48,nearest_full96_cell_aggregation
L1_short_dipole_x_1p2G,1200000000,85,85,level1_local_sphere_r0p35,-0.213828128194,0.0448270586439,3.7265625,-0.610937509127,0.128077310411,-0.78125,-0.205180332571,-0.97872418542,0.0,-0.764628269859,0.160297134821,0.624218261107,0.0320704250054,Hy,-1.360900789993e-05,-7.320325851595e-06,C:\csttmp\huy_sf_safe_hfield96_s\L1_short_dipole_x_1p2G_hfield96.cst,1D Results\Probes\H-Field\H-Field (-0.213828 0.0448271 3.72656)(Y) [1],CST ResultTree 1D complex local Cartesian H-field probe,21,field_weighted_48,field_weighted,48,nearest_full96_cell_aggregation
L1_short_dipole_x_1p2G,1200000000,85,85,level1_local_sphere_r0p35,-0.213828128194,0.0448270586439,3.7265625,-0.610937509127,0.128077310411,-0.78125,-0.205180332571,-0.97872418542,0.0,-0.764628269859,0.160297134821,0.624218261107,0.0320704250054,Hz,-2.448080275867e-06,-1.125009939479e-06,C:\csttmp\huy_sf_safe_hfield96_s\L1_short_dipole_x_1p2G_hfield96.cst,1D Results\Probes\H-Field\H-Field (-0.213828 0.0448271 3.72656)(Z) [1],CST ResultTree 1D complex local Cartesian H-field probe,21,field_weighted_48,field_weighted,48,nearest_full96_cell_aggregation
L1_short_dipole_x_1p2G,1200000000,35,35,level1_local_sphere_r0p35,-0.229477015439,0.248057929627,4.09114583333,-0.655648615541,0.708736941793,0.260416666667,-0.734064875349,-0.679079346453,0.0,0.176843579805,-0.191162727955,0.965496328176,0.0320704250054,Hx,8.080715300310001e-12,-1.823772698794e-11,C:\csttmp\huy_sf_safe_hfield96_s\L1_short_dipole_x_1p2G_hfield96.cst,1D Results\Probes\H-Field\H-Field (-0.229477 0.248058 4.09115)(X) [1],CST ResultTree 1D complex local Cartesian H-field probe,22,field_weighted_48,field_weighted,48,nearest_full96_cell_aggregation
L1_short_dipole_x_1p2G,1200000000,35,35,level1_local_sphere_r0p35,-0.229477015439,0.248057929627,4.09114583333,-0.655648615541,0.708736941793,0.260416666667,-0.734064875349,-0.679079346453,0.0,0.176843579805,-0.191162727955,0.965496328176,0.0320704250054,Hy,4.77619894308e-06,2.473926345144e-06,C:\csttmp\huy_sf_safe_hfield96_s\L1_short_dipole_x_1p2G_hfield96.cst,1D Results\Probes\H-Field\H-Field (-0.229477 0.248058 4.09115)(Y) [1],CST ResultTree 1D complex local Cartesian H-field probe,22,field_weighted_48,field_weighted,48,nearest_full96_cell_aggregation
L1_short_dipole_x_1p2G,1200000000,35,35,level1_local_sphere_r0p35,-0.229477015439,0.248057929627,4.09114583333,-0.655648615541,0.708736941793,0.260416666667,-0.734064875349,-0.679079346453,0.0,0.176843579805,-0.191162727955,0.965496328176,0.0320704250054,Hz,-1.200740108329e-05,-6.304304712897e-06,C:\csttmp\huy_sf_safe_hfield96_s\L1_short_dipole_x_1p2G_hfield96.cst,1D Results\Probes\H-Field\H-Field (-0.229477 0.248058 4.09115)(Z) [1],CST ResultTree 1D complex local Cartesian H-field probe,22,field_weighted_48,field_weighted,48,nearest_full96_cell_aggregation
L1_short_dipole_x_1p2G,1200000000,69,69,level1_local_sphere_r0p35,-0.192810395297,0.2464691812,3.84322916667,-0.550886843705,0.704197660572,-0.447916666667,-0.787626783557,-0.616152618937,0.0,-0.275985027232,0.352791163468,0.894075309872,0.0320704250054,Hx,-1.2113347479630001e-11,2.5665452415230003e-11,C:\csttmp\huy_sf_safe_hfield96_s\L1_short_dipole_x_1p2G_hfield96.cst,1D Results\Probes\H-Field\H-Field (-0.19281 0.246469 3.84323)(X) [1],CST ResultTree 1D complex local Cartesian H-field probe,23,field_weighted_48,field_weighted,48,nearest_full96_cell_aggregation
L1_short_dipole_x_1p2G,1200000000,69,69,level1_local_sphere_r0p35,-0.192810395297,0.2464691812,3.84322916667,-0.550886843705,0.704197660572,-0.447916666667,-0.787626783557,-0.616152618937,0.0,-0.275985027232,0.352791163468,0.894075309872,0.0320704250054,Hy,-7.420120922157e-06,-4.44572348756e-06,C:\csttmp\huy_sf_safe_hfield96_s\L1_short_dipole_x_1p2G_hfield96.cst,1D Results\Probes\H-Field\H-Field (-0.19281 0.246469 3.84323)(Y) [1],CST ResultTree 1D complex local Cartesian H-field probe,23,field_weighted_48,field_weighted,48,nearest_full96_cell_aggregation
L1_short_dipole_x_1p2G,1200000000,69,69,level1_local_sphere_r0p35,-0.192810395297,0.2464691812,3.84322916667,-0.550886843705,0.704197660572,-0.447916666667,-0.787626783557,-0.616152618937,0.0,-0.275985027232,0.352791163468,0.894075309872,0.0320704250054,Hz,-1.190415438196e-05,-6.311658341104e-06,C:\csttmp\huy_sf_safe_hfield96_s\L1_short_dipole_x_1p2G_hfield96.cst,1D Results\Probes\H-Field\H-Field (-0.19281 0.246469 3.84323)(Z) [1],CST ResultTree 1D complex local Cartesian H-field probe,23,field_weighted_48,field_weighted,48,nearest_full96_cell_aggregation
L1_short_dipole_x_1p2G,1200000000,19,19,level1_local_sphere_r0p35,-0.0130087745601,0.281326743535,4.2078125,-0.0371679273145,0.803790695815,0.59375,-0.998932605495,-0.0461914459404,0.0,0.0274261710271,-0.593116234513,0.804649574349,0.0320704250054,Hx,4.4675196089e-12,-1.131206794872e-14,C:\csttmp\huy_sf_safe_hfield96_s\L1_short_dipole_x_1p2G_hfield96.cst,1D Results\Probes\H-Field\H-Field (-0.0130088 0.281327 4.20781)(X) [1],CST ResultTree 1D complex local Cartesian H-field probe,24,field_weighted_48,field_weighted,48,nearest_full96_cell_aggregation
L1_short_dipole_x_1p2G,1200000000,19,19,level1_local_sphere_r0p35,-0.0130087745601,0.281326743535,4.2078125,-0.0371679273145,0.803790695815,0.59375,-0.998932605495,-0.0461914459404,0.0,0.0274261710271,-0.593116234513,0.804649574349,0.0320704250054,Hy,9.734338093997e-06,5.452524101661e-06,C:\csttmp\huy_sf_safe_hfield96_s\L1_short_dipole_x_1p2G_hfield96.cst,1D Results\Probes\H-Field\H-Field (-0.0130088 0.281327 4.20781)(Y) [1],CST ResultTree 1D complex local Cartesian H-field probe,24,field_weighted_48,field_weighted,48,nearest_full96_cell_aggregation
L1_short_dipole_x_1p2G,1200000000,19,19,level1_local_sphere_r0p35,-0.0130087745601,0.281326743535,4.2078125,-0.0371679273145,0.803790695815,0.59375,-0.998932605495,-0.0461914459404,0.0,0.0274261710271,-0.593116234513,0.804649574349,0.0320704250054,Hz,-1.419787956264e-05,-7.566748906866e-06,C:\csttmp\huy_sf_safe_hfield96_s\L1_short_dipole_x_1p2G_hfield96.cst,1D Results\Probes\H-Field\H-Field (-0.0130088 0.281327 4.20781)(Z) [1],CST ResultTree 1D complex local Cartesian H-field probe,24,field_weighted_48,field_weighted,48,nearest_full96_cell_aggregation
L1_short_dipole_x_1p2G,1200000000,20,20,level1_local_sphere_r0p35,-0.183796880538,-0.220250089907,4.20052083333,-0.525133944394,-0.629285971162,0.572916666667,0.767783688001,-0.640709144964,0.0,0.367072947635,0.43987607125,0.81961362425,0.0320704250054,Hx,1.2057499083870001e-11,-3.09434148217e-11,C:\csttmp\huy_sf_safe_hfield96_s\L1_short_dipole_x_1p2G_hfield96.cst,1D Results\Probes\H-Field\H-Field (-0.183797 -0.22025 4.20052)(X) [1],CST ResultTree 1D complex local Cartesian H-field probe,25,field_weighted_48,field_weighted,48,nearest_full96_cell_aggregation
L1_short_dipole_x_1p2G,1200000000,20,20,level1_local_sphere_r0p35,-0.183796880538,-0.220250089907,4.20052083333,-0.525133944394,-0.629285971162,0.572916666667,0.767783688001,-0.640709144964,0.0,0.367072947635,0.43987607125,0.81961362425,0.0320704250054,Hy,9.372804476187e-06,5.555428195951e-06,C:\csttmp\huy_sf_safe_hfield96_s\L1_short_dipole_x_1p2G_hfield96.cst,1D Results\Probes\H-Field\H-Field (-0.183797 -0.22025 4.20052)(Y) [1],CST ResultTree 1D complex local Cartesian H-field probe,25,field_weighted_48,field_weighted,48,nearest_full96_cell_aggregation
L1_short_dipole_x_1p2G,1200000000,20,20,level1_local_sphere_r0p35,-0.183796880538,-0.220250089907,4.20052083333,-0.525133944394,-0.629285971162,0.572916666667,0.767783688001,-0.640709144964,0.0,0.367072947635,0.43987607125,0.81961362425,0.0320704250054,Hz,1.055247331444e-05,5.91617173323e-06,C:\csttmp\huy_sf_safe_hfield96_s\L1_short_dipole_x_1p2G_hfield96.cst,1D Results\Probes\H-Field\H-Field (-0.183797 -0.22025 4.20052)(Z) [1],CST ResultTree 1D complex local Cartesian H-field probe,25,field_weighted_48,field_weighted,48,nearest_full96_cell_aggregation
L1_short_dipole_x_1p2G,1200000000,79,79,level1_local_sphere_r0p35,0.119428669306,0.235542873574,3.7703125,0.341224769447,0.672979638782,-0.65625,-0.8919030019,0.452226751976,0.0,0.296773805984,0.585311344997,0.754543529228,0.0481056375081,Hx,3.088703946757e-12,-2.6182890985150003e-11,C:\csttmp\huy_sf_safe_hfield96_s\L1_short_dipole_x_1p2G_hfield96.cst,1D Results\Probes\H-Field\H-Field (0.119429 0.235543 3.77031)(X) [1],CST ResultTree 1D complex local Cartesian H-field probe,26,field_weighted_48,field_weighted,48,nearest_full96_cell_aggregation
L1_short_dipole_x_1p2G,1200000000,79,79,level1_local_sphere_r0p35,0.119428669306,0.235542873574,3.7703125,0.341224769447,0.672979638782,-0.65625,-0.8919030019,0.452226751976,0.0,0.296773805984,0.585311344997,0.754543529228,0.0481056375081,Hy,-1.107788306649e-05,-6.311670495951e-06,C:\csttmp\huy_sf_safe_hfield96_s\L1_short_dipole_x_1p2G_hfield96.cst,1D Results\Probes\H-Field\H-Field (0.119429 0.235543 3.77031)(Y) [1],CST ResultTree 1D complex local Cartesian H-field probe,26,field_weighted_48,field_weighted,48,nearest_full96_cell_aggregation
L1_short_dipole_x_1p2G,1200000000,79,79,level1_local_sphere_r0p35,0.119428669306,0.235542873574,3.7703125,0.341224769447,0.672979638782,-0.65625,-0.8919030019,0.452226751976,0.0,0.296773805984,0.585311344997,0.754543529228,0.0481056375081,Hz,-1.130163853104e-05,-6.489432773402e-06,C:\csttmp\huy_sf_safe_hfield96_s\L1_short_dipole_x_1p2G_hfield96.cst,1D Results\Probes\H-Field\H-Field (0.119429 0.235543 3.77031)(Z) [1],CST ResultTree 1D complex local Cartesian H-field probe,26,field_weighted_48,field_weighted,48,nearest_full96_cell_aggregation
L1_short_dipole_x_1p2G,1200000000,10,10,level1_local_sphere_r0p35,0.0926003435022,-0.197881555424,4.2734375,0.264572410006,-0.56537587264,0.78125,0.905734272556,0.423845995048,-0.0,-0.331129683631,0.707604900434,0.624218261107,0.0320704250054,Hx,-2.471133983709e-13,2.4199798078290003e-11,C:\csttmp\huy_sf_safe_hfield96_s\L1_short_dipole_x_1p2G_hfield96.cst,1D Results\Probes\H-Field\H-Field (0.0926003 -0.197882 4.27344)(X) [1],CST ResultTree 1D complex local Cartesian H-field probe,27,field_weighted_48,field_weighted,48,nearest_full96_cell_aggregation
L1_short_dipole_x_1p2G,1200000000,10,10,level1_local_sphere_r0p35,0.0926003435022,-0.197881555424,4.2734375,0.264572410006,-0.56537587264,0.78125,0.905734272556,0.423845995048,-0.0,-0.331129683631,0.707604900434,0.624218261107,0.0320704250054,Hy,1.381649571302e-05,7.545993280424e-06,C:\csttmp\huy_sf_safe_hfield96_s\L1_short_dipole_x_1p2G_hfield96.cst,1D Results\Probes\H-Field\H-Field (0.0926003 -0.197882 4.27344)(Y) [1],CST ResultTree 1D complex local Cartesian H-field probe,27,field_weighted_48,field_weighted,48,nearest_full96_cell_aggregation
L1_short_dipole_x_1p2G,1200000000,10,10,level1_local_sphere_r0p35,0.0926003435022,-0.197881555424,4.2734375,0.264572410006,-0.56537587264,0.78125,0.905734272556,0.423845995048,-0.0,-0.331129683631,0.707604900434,0.624218261107,0.0320704250054,Hz,9.293779655606e-06,5.297382278301e-06,C:\csttmp\huy_sf_safe_hfield96_s\L1_short_dipole_x_1p2G_hfield96.cst,1D Results\Probes\H-Field\H-Field (0.0926003 -0.197882 4.27344)(Z) [1],CST ResultTree 1D complex local Cartesian H-field probe,27,field_weighted_48,field_weighted,48,nearest_full96_cell_aggregation
L1_short_dipole_x_1p2G,1200000000,30,30,level1_local_sphere_r0p35,-0.315144969724,0.0830712026353,4.12760416667,-0.90041419921,0.237346293244,0.364583333333,-0.254890190111,-0.966970005215,0.0,0.352541147735,-0.0929287151447,0.931170764713,0.0320704250054,Hx,1.2585082603990001e-11,-3.4562027435450003e-11,C:\csttmp\huy_sf_safe_hfield96_s\L1_short_dipole_x_1p2G_hfield96.cst,1D Results\Probes\H-Field\H-Field (-0.315145 0.0830712 4.1276)(X) [1],CST ResultTree 1D complex local Cartesian H-field probe,28,field_weighted_48,field_weighted,48,nearest_full96_cell_aggregation
L1_short_dipole_x_1p2G,1200000000,30,30,level1_local_sphere_r0p35,-0.315144969724,0.0830712026353,4.12760416667,-0.90041419921,0.237346293244,0.364583333333,-0.254890190111,-0.966970005215,0.0,0.352541147735,-0.0929287151447,0.931170764713,0.0320704250054,Hy,6.314565352161e-06,3.626430125653e-06,C:\csttmp\huy_sf_safe_hfield96_s\L1_short_dipole_x_1p2G_hfield96.cst,1D Results\Probes\H-Field\H-Field (-0.315145 0.0830712 4.1276)(Y) [1],CST ResultTree 1D complex local Cartesian H-field probe,28,field_weighted_48,field_weighted,48,nearest_full96_cell_aggregation
L1_short_dipole_x_1p2G,1200000000,30,30,level1_local_sphere_r0p35,-0.315144969724,0.0830712026353,4.12760416667,-0.90041419921,0.237346293244,0.364583333333,-0.254890190111,-0.966970005215,0.0,0.352541147735,-0.0929287151447,0.931170764713,0.0320704250054,Hz,-4.453442600867e-06,-2.334774804702e-06,C:\csttmp\huy_sf_safe_hfield96_s\L1_short_dipole_x_1p2G_hfield96.cst,1D Results\Probes\H-Field\H-Field (-0.315145 0.0830712 4.1276)(Z) [1],CST ResultTree 1D complex local Cartesian H-field probe,28,field_weighted_48,field_weighted,48,nearest_full96_cell_aggregation
L1_short_dipole_x_1p2G,1200000000,70,70,level1_local_sphere_r0p35,-0.0240229506746,-0.308231072306,3.8359375,-0.0686370019275,-0.880660206587,-0.46875,0.996976591612,-0.0777024824425,0.0,-0.0364230386449,-0.467332777318,0.883330876569,0.0160352125027,Hx,-3.440308623937e-12,1.416148276793e-12,C:\csttmp\huy_sf_safe_hfield96_s\L1_short_dipole_x_1p2G_hfield96.cst,1D Results\Probes\H-Field\H-Field (-0.024023 -0.308231 3.83594)(X) [1],CST ResultTree 1D complex local Cartesian H-field probe,29,field_weighted_48,field_weighted,48,nearest_full96_cell_aggregation
L1_short_dipole_x_1p2G,1200000000,70,70,level1_local_sphere_r0p35,-0.0240229506746,-0.308231072306,3.8359375,-0.0686370019275,-0.880660206587,-0.46875,0.996976591612,-0.0777024824425,0.0,-0.0364230386449,-0.467332777318,0.883330876569,0.0160352125027,Hy,-7.842455875681e-06,-4.378450875372e-06,C:\csttmp\huy_sf_safe_hfield96_s\L1_short_dipole_x_1p2G_hfield96.cst,1D Results\Probes\H-Field\H-Field (-0.024023 -0.308231 3.83594)(Y) [1],CST ResultTree 1D complex local Cartesian H-field probe,29,field_weighted_48,field_weighted,48,nearest_full96_cell_aggregation
L1_short_dipole_x_1p2G,1200000000,70,70,level1_local_sphere_r0p35,-0.0240229506746,-0.308231072306,3.8359375,-0.0686370019275,-0.880660206587,-0.46875,0.996976591612,-0.0777024824425,0.0,-0.0364230386449,-0.467332777318,0.883330876569,0.0160352125027,Hz,1.55257422734e-05,8.374801165119e-06,C:\csttmp\huy_sf_safe_hfield96_s\L1_short_dipole_x_1p2G_hfield96.cst,1D Results\Probes\H-Field\H-Field (-0.024023 -0.308231 3.83594)(Z) [1],CST ResultTree 1D complex local Cartesian H-field probe,29,field_weighted_48,field_weighted,48,nearest_full96_cell_aggregation
L1_short_dipole_x_1p2G,1200000000,34,34,level1_local_sphere_r0p35,0.334725310017,-0.0277313077232,4.0984375,0.956358028619,-0.0792323077805,0.28125,0.0825650860105,0.996585674477,-0.0,-0.280289720947,0.0232214304405,0.959634533299,0.0641408500108,Hx,-5.926835569828e-12,3.1145535776030004e-11,C:\csttmp\huy_sf_safe_hfield96_s\L1_short_dipole_x_1p2G_hfield96.cst,1D Results\Probes\H-Field\H-Field (0.334725 -0.0277313 4.09844)(X) [1],CST ResultTree 1D complex local Cartesian H-field probe,30,field_weighted_48,field_weighted,48,nearest_full96_cell_aggregation
L1_short_dipole_x_1p2G,1200000000,34,34,level1_local_sphere_r0p35,0.334725310017,-0.0277313077232,4.0984375,0.956358028619,-0.0792323077805,0.28125,0.0825650860105,0.996585674477,-0.0,-0.280289720947,0.0232214304405,0.959634533299,0.0641408500108,Hy,5.013018760351e-06,2.711204063635e-06,C:\csttmp\huy_sf_safe_hfield96_s\L1_short_dipole_x_1p2G_hfield96.cst,1D Results\Probes\H-Field\H-Field (0.334725 -0.0277313 4.09844)(Y) [1],CST ResultTree 1D complex local Cartesian H-field probe,30,field_weighted_48,field_weighted,48,nearest_full96_cell_aggregation
L1_short_dipole_x_1p2G,1200000000,34,34,level1_local_sphere_r0p35,0.334725310017,-0.0277313077232,4.0984375,0.956358028619,-0.0792323077805,0.28125,0.0825650860105,0.996585674477,-0.0,-0.280289720947,0.0232214304405,0.959634533299,0.0641408500108,Hz,1.636489231891e-06,7.270033522831e-07,C:\csttmp\huy_sf_safe_hfield96_s\L1_short_dipole_x_1p2G_hfield96.cst,1D Results\Probes\H-Field\H-Field (0.334725 -0.0277313 4.09844)(Z) [1],CST ResultTree 1D complex local Cartesian H-field probe,30,field_weighted_48,field_weighted,48,nearest_full96_cell_aggregation
L1_short_dipole_x_1p2G,1200000000,94,94,level1_local_sphere_r0p35,0.0717421143959,-0.0488844567911,3.6609375,0.204977469703,-0.139669876546,-0.96875,0.0,0.989766006698,-0.142699866802,0.978766691768,0.029250257624,0.20287973165,0.0320704250054,Hx,-1.852250469839e-13,-2.3397574360440003e-11,C:\csttmp\huy_sf_safe_hfield96_s\L1_short_dipole_x_1p2G_hfield96.cst,1D Results\Probes\H-Field\H-Field (0.0717421 -0.0488845 3.66094)(X) [1],CST ResultTree 1D complex local Cartesian H-field probe,31,field_weighted_48,field_weighted,48,nearest_full96_cell_aggregation
L1_short_dipole_x_1p2G,1200000000,94,94,level1_local_sphere_r0p35,0.0717421143959,-0.0488844567911,3.6609375,0.204977469703,-0.139669876546,-0.96875,0.0,0.989766006698,-0.142699866802,0.978766691768,0.029250257624,0.20287973165,0.0320704250054,Hy,-1.659806180792e-05,-9.471497536521e-06,C:\csttmp\huy_sf_safe_hfield96_s\L1_short_dipole_x_1p2G_hfield96.cst,1D Results\Probes\H-Field\H-Field (0.0717421 -0.0488845 3.66094)(Y) [1],CST ResultTree 1D complex local Cartesian H-field probe,31,field_weighted_48,field_weighted,48,nearest_full96_cell_aggregation
L1_short_dipole_x_1p2G,1200000000,94,94,level1_local_sphere_r0p35,0.0717421143959,-0.0488844567911,3.6609375,0.204977469703,-0.139669876546,-0.96875,0.0,0.989766006698,-0.142699866802,0.978766691768,0.029250257624,0.20287973165,0.0320704250054,Hz,2.891735212926e-06,1.216419954233e-06,C:\csttmp\huy_sf_safe_hfield96_s\L1_short_dipole_x_1p2G_hfield96.cst,1D Results\Probes\H-Field\H-Field (0.0717421 -0.0488845 3.66094)(Z) [1],CST ResultTree 1D complex local Cartesian H-field probe,31,field_weighted_48,field_weighted,48,nearest_full96_cell_aggregation
L1_short_dipole_x_1p2G,1200000000,88,88,level1_local_sphere_r0p35,-0.142457232144,-0.122460052073,3.7046875,-0.407020663268,-0.349885863065,-0.84375,0.651876561012,-0.758325094668,0.0,-0.639836798626,-0.550020848354,0.536736376166,0.0481056375081,Hx,-1.6223653554240002e-11,3.457963382192e-11,C:\csttmp\huy_sf_safe_hfield96_s\L1_short_dipole_x_1p2G_hfield96.cst,1D Results\Probes\H-Field\H-Field (-0.142457 -0.12246 3.70469)(X) [1],CST ResultTree 1D complex local Cartesian H-field probe,32,field_weighted_48,field_weighted,48,nearest_full96_cell_aggregation
L1_short_dipole_x_1p2G,1200000000,88,88,level1_local_sphere_r0p35,-0.142457232144,-0.122460052073,3.7046875,-0.407020663268,-0.349885863065,-0.84375,0.651876561012,-0.758325094668,0.0,-0.639836798626,-0.550020848354,0.536736376166,0.0481056375081,Hy,-1.480972347366e-05,-8.196471004469e-06,C:\csttmp\huy_sf_safe_hfield96_s\L1_short_dipole_x_1p2G_hfield96.cst,1D Results\Probes\H-Field\H-Field (-0.142457 -0.12246 3.70469)(Y) [1],CST ResultTree 1D complex local Cartesian H-field probe,32,field_weighted_48,field_weighted,48,nearest_full96_cell_aggregation
L1_short_dipole_x_1p2G,1200000000,88,88,level1_local_sphere_r0p35,-0.142457232144,-0.122460052073,3.7046875,-0.407020663268,-0.349885863065,-0.84375,0.651876561012,-0.758325094668,0.0,-0.639836798626,-0.550020848354,0.536736376166,0.0481056375081,Hz,5.958494307539e-06,3.430271687352e-06,C:\csttmp\huy_sf_safe_hfield96_s\L1_short_dipole_x_1p2G_hfield96.cst,1D Results\Probes\H-Field\H-Field (-0.142457 -0.12246 3.70469)(Z) [1],CST ResultTree 1D complex local Cartesian H-field probe,32,field_weighted_48,field_weighted,48,nearest_full96_cell_aggregation
L1_short_dipole_x_1p2G,1200000000,41,41,level1_local_sphere_r0p35,-0.184694868797,-0.293498620819,4.04739583333,-0.527699625134,-0.838567488055,0.135416666667,0.846363563284,-0.532605593986,0.0,0.0721236741855,0.114611732528,0.990788739535,0.0320704250054,Hx,2.92508484627e-12,-7.864615584621e-12,C:\csttmp\huy_sf_safe_hfield96_s\L1_short_dipole_x_1p2G_hfield96.cst,1D Results\Probes\H-Field\H-Field (-0.184695 -0.293499 4.0474)(X) [1],CST ResultTree 1D complex local Cartesian H-field probe,33,field_weighted_48,field_weighted,48,nearest_full96_cell_aggregation
L1_short_dipole_x_1p2G,1200000000,41,41,level1_local_sphere_r0p35,-0.184694868797,-0.293498620819,4.04739583333,-0.527699625134,-0.838567488055,0.135416666667,0.846363563284,-0.532605593986,0.0,0.0721236741855,0.114611732528,0.990788739535,0.0320704250054,Hy,2.663359149538e-06,1.068185856649e-06,C:\csttmp\huy_sf_safe_hfield96_s\L1_short_dipole_x_1p2G_hfield96.cst,1D Results\Probes\H-Field\H-Field (-0.184695 -0.293499 4.0474)(Y) [1],CST ResultTree 1D complex local Cartesian H-field probe,33,field_weighted_48,field_weighted,48,nearest_full96_cell_aggregation
L1_short_dipole_x_1p2G,1200000000,41,41,level1_local_sphere_r0p35,-0.184694868797,-0.293498620819,4.04739583333,-0.527699625134,-0.838567488055,0.135416666667,0.846363563284,-0.532605593986,0.0,0.0721236741855,0.114611732528,0.990788739535,0.0320704250054,Hz,1.449251429516e-05,8.537046323333e-06,C:\csttmp\huy_sf_safe_hfield96_s\L1_short_dipole_x_1p2G_hfield96.cst,1D Results\Probes\H-Field\H-Field (-0.184695 -0.293499 4.0474)(Z) [1],CST ResultTree 1D complex local Cartesian H-field probe,33,field_weighted_48,field_weighted,48,nearest_full96_cell_aggregation
L1_short_dipole_x_1p2G,1200000000,81,81,level1_local_sphere_r0p35,0.232620995921,-0.0933768292431,3.75572916667,0.664631416916,-0.266790940694,-0.697916666667,0.372519927904,0.928024193281,-0.0,0.64768355156,-0.25998786635,0.716178976506,0.0320704250054,Hx,8.89456616131e-12,-5.3176030208310005e-11,C:\csttmp\huy_sf_safe_hfield96_s\L1_short_dipole_x_1p2G_hfield96.cst,1D Results\Probes\H-Field\H-Field (0.232621 -0.0933768 3.75573)(X) [1],CST ResultTree 1D complex local Cartesian H-field probe,34,field_weighted_48,field_weighted,48,nearest_full96_cell_aggregation
L1_short_dipole_x_1p2G,1200000000,81,81,level1_local_sphere_r0p35,0.232620995921,-0.0933768292431,3.75572916667,0.664631416916,-0.266790940694,-0.697916666667,0.372519927904,0.928024193281,-0.0,0.64768355156,-0.25998786635,0.716178976506,0.0320704250054,Hy,-1.196548274691e-05,-6.161878756121e-06,C:\csttmp\huy_sf_safe_hfield96_s\L1_short_dipole_x_1p2G_hfield96.cst,1D Results\Probes\H-Field\H-Field (0.232621 -0.0933768 3.75573)(Y) [1],CST ResultTree 1D complex local Cartesian H-field probe,34,field_weighted_48,field_weighted,48,nearest_full96_cell_aggregation
L1_short_dipole_x_1p2G,1200000000,81,81,level1_local_sphere_r0p35,0.232620995921,-0.0933768292431,3.75572916667,0.664631416916,-0.266790940694,-0.697916666667,0.372519927904,0.928024193281,-0.0,0.64768355156,-0.25998786635,0.716178976506,0.0320704250054,Hz,4.833686169802e-06,2.617065284812e-06,C:\csttmp\huy_sf_safe_hfield96_s\L1_short_dipole_x_1p2G_hfield96.cst,1D Results\Probes\H-Field\H-Field (0.232621 -0.0933768 3.75573)(Z) [1],CST ResultTree 1D complex local Cartesian H-field probe,34,field_weighted_48,field_weighted,48,nearest_full96_cell_aggregation
L1_short_dipole_x_1p2G,1200000000,46,46,level1_local_sphere_r0p35,-0.316125078892,-0.149817574368,4.0109375,-0.903214511119,-0.428050212479,0.03125,0.42825937458,-0.903655857107,0.0,0.0282392455346,0.0133831054556,0.999511599482,0.0481056375081,Hx,8.803921265970999e-13,-3.203282046703e-12,C:\csttmp\huy_sf_safe_hfield96_s\L1_short_dipole_x_1p2G_hfield96.cst,1D Results\Probes\H-Field\H-Field (-0.316125 -0.149818 4.01094)(X) [1],CST ResultTree 1D complex local Cartesian H-field probe,35,field_weighted_48,field_weighted,48,nearest_full96_cell_aggregation
L1_short_dipole_x_1p2G,1200000000,46,46,level1_local_sphere_r0p35,-0.316125078892,-0.149817574368,4.0109375,-0.903214511119,-0.428050212479,0.03125,0.42825937458,-0.903655857107,0.0,0.0282392455346,0.0133831054556,0.999511599482,0.0481056375081,Hy,6.198250190361e-07,2.842174130596e-07,C:\csttmp\huy_sf_safe_hfield96_s\L1_short_dipole_x_1p2G_hfield96.cst,1D Results\Probes\H-Field\H-Field (-0.316125 -0.149818 4.01094)(Y) [1],CST ResultTree 1D complex local Cartesian H-field probe,35,field_weighted_48,field_weighted,48,nearest_full96_cell_aggregation
L1_short_dipole_x_1p2G,1200000000,46,46,level1_local_sphere_r0p35,-0.316125078892,-0.149817574368,4.0109375,-0.903214511119,-0.428050212479,0.03125,0.42825937458,-0.903655857107,0.0,0.0282392455346,0.0133831054556,0.999511599482,0.0481056375081,Hz,7.076876373171e-06,4.215047474276e-06,C:\csttmp\huy_sf_safe_hfield96_s\L1_short_dipole_x_1p2G_hfield96.cst,1D Results\Probes\H-Field\H-Field (-0.316125 -0.149818 4.01094)(Z) [1],CST ResultTree 1D complex local Cartesian H-field probe,35,field_weighted_48,field_weighted,48,nearest_full96_cell_aggregation
L1_short_dipole_x_1p2G,1200000000,66,66,level1_local_sphere_r0p35,0.0807948878943,0.312690422366,3.86510416667,0.230842536841,0.89340120676,-0.385416666667,-0.968201924363,0.250170009513,0.0,0.0964196911665,0.373161158348,0.922742647251,0.0160352125027,Hx,1.121952139473e-12,-1.089133205827e-11,C:\csttmp\huy_sf_safe_hfield96_s\L1_short_dipole_x_1p2G_hfield96.cst,1D Results\Probes\H-Field\H-Field (0.0807949 0.31269 3.8651)(X) [1],CST ResultTree 1D complex local Cartesian H-field probe,36,field_weighted_48,field_weighted,48,nearest_full96_cell_aggregation
L1_short_dipole_x_1p2G,1200000000,66,66,level1_local_sphere_r0p35,0.0807948878943,0.312690422366,3.86510416667,0.230842536841,0.89340120676,-0.385416666667,-0.968201924363,0.250170009513,0.0,0.0964196911665,0.373161158348,0.922742647251,0.0160352125027,Hy,-6.639317134507e-06,-3.716658910668e-06,C:\csttmp\huy_sf_safe_hfield96_s\L1_short_dipole_x_1p2G_hfield96.cst,1D Results\Probes\H-Field\H-Field (0.0807949 0.31269 3.8651)(Y) [1],CST ResultTree 1D complex local Cartesian H-field probe,36,field_weighted_48,field_weighted,48,nearest_full96_cell_aggregation
L1_short_dipole_x_1p2G,1200000000,66,66,level1_local_sphere_r0p35,0.0807948878943,0.312690422366,3.86510416667,0.230842536841,0.89340120676,-0.385416666667,-0.968201924363,0.250170009513,0.0,0.0964196911665,0.373161158348,0.922742647251,0.0160352125027,Hz,-1.557723686122e-05,-8.891772685942e-06,C:\csttmp\huy_sf_safe_hfield96_s\L1_short_dipole_x_1p2G_hfield96.cst,1D Results\Probes\H-Field\H-Field (0.0807949 0.31269 3.8651)(Z) [1],CST ResultTree 1D complex local Cartesian H-field probe,36,field_weighted_48,field_weighted,48,nearest_full96_cell_aggregation
L1_short_dipole_x_1p2G,1200000000,57,57,level1_local_sphere_r0p35,0.047406362772,-0.339785503543,3.93072916667,0.135446750777,-0.970815724409,-0.197916666667,0.990407116567,0.138180112366,-0.0,0.0273481472391,-0.196018075154,0.980218849572,0.0320704250054,Hx,-7.951769107752999e-13,-3.461003361314e-12,C:\csttmp\huy_sf_safe_hfield96_s\L1_short_dipole_x_1p2G_hfield96.cst,1D Results\Probes\H-Field\H-Field (0.0474064 -0.339786 3.93073)(X) [1],CST ResultTree 1D complex local Cartesian H-field probe,37,field_weighted_48,field_weighted,48,nearest_full96_cell_aggregation
L1_short_dipole_x_1p2G,1200000000,57,57,level1_local_sphere_r0p35,0.047406362772,-0.339785503543,3.93072916667,0.135446750777,-0.970815724409,-0.197916666667,0.990407116567,0.138180112366,-0.0,0.0273481472391,-0.196018075154,0.980218849572,0.0320704250054,Hy,-3.896148457361e-06,-1.770154164489e-06,C:\csttmp\huy_sf_safe_hfield96_s\L1_short_dipole_x_1p2G_hfield96.cst,1D Results\Probes\H-Field\H-Field (0.0474064 -0.339786 3.93073)(Y) [1],CST ResultTree 1D complex local Cartesian H-field probe,37,field_weighted_48,field_weighted,48,nearest_full96_cell_aggregation
L1_short_dipole_x_1p2G,1200000000,57,57,level1_local_sphere_r0p35,0.047406362772,-0.339785503543,3.93072916667,0.135446750777,-0.970815724409,-0.197916666667,0.990407116567,0.138180112366,-0.0,0.0273481472391,-0.196018075154,0.980218849572,0.0320704250054,Hz,1.645706446036e-05,9.442064631256e-06,C:\csttmp\huy_sf_safe_hfield96_s\L1_short_dipole_x_1p2G_hfield96.cst,1D Results\Probes\H-Field\H-Field (0.0474064 -0.339786 3.93073)(Z) [1],CST ResultTree 1D complex local Cartesian H-field probe,37,field_weighted_48,field_weighted,48,nearest_full96_cell_aggregation
L1_short_dipole_x_1p2G,1200000000,61,61,level1_local_sphere_r0p35,-0.103643026708,0.31948111307,3.9015625,-0.296122933452,0.9128031802,-0.28125,-0.95119876216,-0.308578863282,0.0,-0.0867878052982,0.267524651858,0.959634533299,0.0160352125027,Hx,-5.486409308983e-12,8.082425597233e-12,C:\csttmp\huy_sf_safe_hfield96_s\L1_short_dipole_x_1p2G_hfield96.cst,1D Results\Probes\H-Field\H-Field (-0.103643 0.319481 3.90156)(X) [1],CST ResultTree 1D complex local Cartesian H-field probe,38,field_weighted_48,field_weighted,48,nearest_full96_cell_aggregation
L1_short_dipole_x_1p2G,1200000000,61,61,level1_local_sphere_r0p35,-0.103643026708,0.31948111307,3.9015625,-0.296122933452,0.9128031802,-0.28125,-0.95119876216,-0.308578863282,0.0,-0.0867878052982,0.267524651858,0.959634533299,0.0160352125027,Hy,-5.162265900097e-06,-2.607706797371e-06,C:\csttmp\huy_sf_safe_hfield96_s\L1_short_dipole_x_1p2G_hfield96.cst,1D Results\Probes\H-Field\H-Field (-0.103643 0.319481 3.90156)(Y) [1],CST ResultTree 1D complex local Cartesian H-field probe,38,field_weighted_48,field_weighted,48,nearest_full96_cell_aggregation
L1_short_dipole_x_1p2G,1200000000,61,61,level1_local_sphere_r0p35,-0.103643026708,0.31948111307,3.9015625,-0.296122933452,0.9128031802,-0.28125,-0.95119876216,-0.308578863282,0.0,-0.0867878052982,0.267524651858,0.959634533299,0.0160352125027,Hz,-1.574473778602e-05,-9.228331440415e-06,C:\csttmp\huy_sf_safe_hfield96_s\L1_short_dipole_x_1p2G_hfield96.cst,1D Results\Probes\H-Field\H-Field (-0.103643 0.319481 3.90156)(Z) [1],CST ResultTree 1D complex local Cartesian H-field probe,38,field_weighted_48,field_weighted,48,nearest_full96_cell_aggregation
L1_short_dipole_x_1p2G,1200000000,53,53,level1_local_sphere_r0p35,0.0126711182461,0.34746380902,3.95989583333,0.0362031949889,0.992753740056,-0.114583333333,-0.999335725111,0.0364432231839,0.0,0.00417578598983,0.114507218502,0.993413639791,0.0160352125027,Hx,-6.633473054055999e-13,-8.551277323092999e-13,C:\csttmp\huy_sf_safe_hfield96_s\L1_short_dipole_x_1p2G_hfield96.cst,1D Results\Probes\H-Field\H-Field (0.0126711 0.347464 3.9599)(X) [1],CST ResultTree 1D complex local Cartesian H-field probe,39,field_weighted_48,field_weighted,48,nearest_full96_cell_aggregation
L1_short_dipole_x_1p2G,1200000000,53,53,level1_local_sphere_r0p35,0.0126711182461,0.34746380902,3.95989583333,0.0362031949889,0.992753740056,-0.114583333333,-0.999335725111,0.0364432231839,0.0,0.00417578598983,0.114507218502,0.993413639791,0.0160352125027,Hy,-4.633656014508e-06,-1.913332459334e-06,C:\csttmp\huy_sf_safe_hfield96_s\L1_short_dipole_x_1p2G_hfield96.cst,1D Results\Probes\H-Field\H-Field (0.0126711 0.347464 3.9599)(Y) [1],CST ResultTree 1D complex local Cartesian H-field probe,39,field_weighted_48,field_weighted,48,nearest_full96_cell_aggregation
L1_short_dipole_x_1p2G,1200000000,53,53,level1_local_sphere_r0p35,0.0126711182461,0.34746380902,3.95989583333,0.0362031949889,0.992753740056,-0.114583333333,-0.999335725111,0.0364432231839,0.0,0.00417578598983,0.114507218502,0.993413639791,0.0160352125027,Hz,-1.624746160565e-05,-1.136045762194e-05,C:\csttmp\huy_sf_safe_hfield96_s\L1_short_dipole_x_1p2G_hfield96.cst,1D Results\Probes\H-Field\H-Field (0.0126711 0.347464 3.9599)(Z) [1],CST ResultTree 1D complex local Cartesian H-field probe,39,field_weighted_48,field_weighted,48,nearest_full96_cell_aggregation
L1_short_dipole_x_1p2G,1200000000,90,90,level1_local_sphere_r0p35,-0.116425982142,0.113620258602,3.69010416667,-0.332645663264,0.324629310292,-0.885416666667,-0.698430718097,-0.715677673271,0.0,-0.633672939875,0.618402198315,0.464798156611,0.0160352125027,Hx,-1.570871027202e-11,2.795695274155e-11,C:\csttmp\huy_sf_safe_hfield96_s\L1_short_dipole_x_1p2G_hfield96.cst,1D Results\Probes\H-Field\H-Field (-0.116426 0.11362 3.6901)(X) [1],CST ResultTree 1D complex local Cartesian H-field probe,40,field_weighted_48,field_weighted,48,nearest_full96_cell_aggregation
L1_short_dipole_x_1p2G,1200000000,90,90,level1_local_sphere_r0p35,-0.116425982142,0.113620258602,3.69010416667,-0.332645663264,0.324629310292,-0.885416666667,-0.698430718097,-0.715677673271,0.0,-0.633672939875,0.618402198315,0.464798156611,0.0160352125027,Hy,-1.544961649499e-05,-8.796374614529e-06,C:\csttmp\huy_sf_safe_hfield96_s\L1_short_dipole_x_1p2G_hfield96.cst,1D Results\Probes\H-Field\H-Field (-0.116426 0.11362 3.6901)(Y) [1],CST ResultTree 1D complex local Cartesian H-field probe,40,field_weighted_48,field_weighted,48,nearest_full96_cell_aggregation
L1_short_dipole_x_1p2G,1200000000,90,90,level1_local_sphere_r0p35,-0.116425982142,0.113620258602,3.69010416667,-0.332645663264,0.324629310292,-0.885416666667,-0.698430718097,-0.715677673271,0.0,-0.633672939875,0.618402198315,0.464798156611,0.0160352125027,Hz,-5.941360696061e-06,-3.055087663096e-06,C:\csttmp\huy_sf_safe_hfield96_s\L1_short_dipole_x_1p2G_hfield96.cst,1D Results\Probes\H-Field\H-Field (-0.116426 0.11362 3.6901)(Z) [1],CST ResultTree 1D complex local Cartesian H-field probe,40,field_weighted_48,field_weighted,48,nearest_full96_cell_aggregation
L1_short_dipole_x_1p2G,1200000000,36,36,level1_local_sphere_r0p35,0.00165767044176,-0.339802488015,4.08385416667,0.00473620126218,-0.970864251472,0.239583333333,0.999988101135,0.00487827716345,-0.0,-0.00116875390374,0.239580482564,0.970875803792,0.0160352125027,Hx,1.746333890887e-12,1.003827628314e-12,C:\csttmp\huy_sf_safe_hfield96_s\L1_short_dipole_x_1p2G_hfield96.cst,1D Results\Probes\H-Field\H-Field (0.00165767 -0.339802 4.08385)(X) [1],CST ResultTree 1D complex local Cartesian H-field probe,41,field_weighted_48,field_weighted,48,nearest_full96_cell_aggregation
L1_short_dipole_x_1p2G,1200000000,36,36,level1_local_sphere_r0p35,0.00165767044176,-0.339802488015,4.08385416667,0.00473620126218,-0.970864251472,0.239583333333,0.999988101135,0.00487827716345,-0.0,-0.00116875390374,0.239580482564,0.970875803792,0.0160352125027,Hy,4.596439374843e-06,2.195108146041e-06,C:\csttmp\huy_sf_safe_hfield96_s\L1_short_dipole_x_1p2G_hfield96.cst,1D Results\Probes\H-Field\H-Field (0.00165767 -0.339802 4.08385)(Y) [1],CST ResultTree 1D complex local Cartesian H-field probe,41,field_weighted_48,field_weighted,48,nearest_full96_cell_aggregation
L1_short_dipole_x_1p2G,1200000000,36,36,level1_local_sphere_r0p35,0.00165767044176,-0.339802488015,4.08385416667,0.00473620126218,-0.970864251472,0.239583333333,0.999988101135,0.00487827716345,-0.0,-0.00116875390374,0.239580482564,0.970875803792,0.0160352125027,Hz,1.64590093271e-05,9.252918099521e-06,C:\csttmp\huy_sf_safe_hfield96_s\L1_short_dipole_x_1p2G_hfield96.cst,1D Results\Probes\H-Field\H-Field (0.00165767 -0.339802 4.08385)(Z) [1],CST ResultTree 1D complex local Cartesian H-field probe,41,field_weighted_48,field_weighted,48,nearest_full96_cell_aggregation
L1_short_dipole_x_1p2G,1200000000,32,32,level1_local_sphere_r0p35,0.0561057877891,0.326463522938,4.11302083333,0.160302250826,0.932752922681,0.322916666667,-0.985551476174,0.169376172504,0.0,-0.0546943890377,-0.318250997514,0.946427401542,0.0160352125027,Hx,-2.1829331091359998e-13,6.8525898559650004e-12,C:\csttmp\huy_sf_safe_hfield96_s\L1_short_dipole_x_1p2G_hfield96.cst,1D Results\Probes\H-Field\H-Field (0.0561058 0.326464 4.11302)(X) [1],CST ResultTree 1D complex local Cartesian H-field probe,42,field_weighted_48,field_weighted,48,nearest_full96_cell_aggregation
L1_short_dipole_x_1p2G,1200000000,32,32,level1_local_sphere_r0p35,0.0561057877891,0.326463522938,4.11302083333,0.160302250826,0.932752922681,0.322916666667,-0.985551476174,0.169376172504,0.0,-0.0546943890377,-0.318250997514,0.946427401542,0.0160352125027,Hy,5.81096447954e-06,3.020596107804e-06,C:\csttmp\huy_sf_safe_hfield96_s\L1_short_dipole_x_1p2G_hfield96.cst,1D Results\Probes\H-Field\H-Field (0.0561058 0.326464 4.11302)(Y) [1],CST ResultTree 1D complex local Cartesian H-field probe,42,field_weighted_48,field_weighted,48,nearest_full96_cell_aggregation
L1_short_dipole_x_1p2G,1200000000,32,32,level1_local_sphere_r0p35,0.0561057877891,0.326463522938,4.11302083333,0.160302250826,0.932752922681,0.322916666667,-0.985551476174,0.169376172504,0.0,-0.0546943890377,-0.318250997514,0.946427401542,0.0160352125027,Hz,-1.61804861451e-05,-9.049051543589e-06,C:\csttmp\huy_sf_safe_hfield96_s\L1_short_dipole_x_1p2G_hfield96.cst,1D Results\Probes\H-Field\H-Field (0.0561058 0.326464 4.11302)(Z) [1],CST ResultTree 1D complex local Cartesian H-field probe,42,field_weighted_48,field_weighted,48,nearest_full96_cell_aggregation
L1_short_dipole_x_1p2G,1200000000,23,23,level1_local_sphere_r0p35,0.0660583014145,-0.293635772764,4.17864583333,0.188738004041,-0.838959350755,0.510416666667,0.975616691408,0.219481369246,-0.0,-0.112026948886,0.497971019573,0.859927221565,0.0160352125027,Hx,6.061317058892999e-13,1.1361425401340001e-11,C:\csttmp\huy_sf_safe_hfield96_s\L1_short_dipole_x_1p2G_hfield96.cst,1D Results\Probes\H-Field\H-Field (0.0660583 -0.293636 4.17865)(X) [1],CST ResultTree 1D complex local Cartesian H-field probe,43,field_weighted_48,field_weighted,48,nearest_full96_cell_aggregation
L1_short_dipole_x_1p2G,1200000000,23,23,level1_local_sphere_r0p35,0.0660583014145,-0.293635772764,4.17864583333,0.188738004041,-0.838959350755,0.510416666667,0.975616691408,0.219481369246,-0.0,-0.112026948886,0.497971019573,0.859927221565,0.0160352125027,Hy,8.421258867658e-06,4.829695130172e-06,C:\csttmp\huy_sf_safe_hfield96_s\L1_short_dipole_x_1p2G_hfield96.cst,1D Results\Probes\H-Field\H-Field (0.0660583 -0.293636 4.17865)(Y) [1],CST ResultTree 1D complex local Cartesian H-field probe,43,field_weighted_48,field_weighted,48,nearest_full96_cell_aggregation
L1_short_dipole_x_1p2G,1200000000,23,23,level1_local_sphere_r0p35,0.0660583014145,-0.293635772764,4.17864583333,0.188738004041,-0.838959350755,0.510416666667,0.975616691408,0.219481369246,-0.0,-0.112026948886,0.497971019573,0.859927221565,0.0160352125027,Hz,1.487357742367e-05,8.318817749261e-06,C:\csttmp\huy_sf_safe_hfield96_s\L1_short_dipole_x_1p2G_hfield96.cst,1D Results\Probes\H-Field\H-Field (0.0660583 -0.293636 4.17865)(Z) [1],CST ResultTree 1D complex local Cartesian H-field probe,43,field_weighted_48,field_weighted,48,nearest_full96_cell_aggregation
L1_short_dipole_x_1p2G,1200000000,91,91,level1_local_sphere_r0p35,0.00827616923972,-0.147728111294,3.6828125,0.0236461978278,-0.422080317983,-0.90625,0.0,0.906503467822,-0.422198369049,0.999720389573,0.00998338615709,0.0214353603317,0.0160352125027,Hx,-5.288432295967e-12,-5.800864286335e-12,C:\csttmp\huy_sf_safe_hfield96_s\L1_short_dipole_x_1p2G_hfield96.cst,1D Results\Probes\H-Field\H-Field (0.00827617 -0.147728 3.68281)(X) [1],CST ResultTree 1D complex local Cartesian H-field probe,44,field_weighted_48,field_weighted,48,nearest_full96_cell_aggregation
L1_short_dipole_x_1p2G,1200000000,91,91,level1_local_sphere_r0p35,0.00827616923972,-0.147728111294,3.6828125,0.0236461978278,-0.422080317983,-0.90625,0.0,0.906503467822,-0.422198369049,0.999720389573,0.00998338615709,0.0214353603317,0.0160352125027,Hy,-1.598298702681e-05,-8.632001076269e-06,C:\csttmp\huy_sf_safe_hfield96_s\L1_short_dipole_x_1p2G_hfield96.cst,1D Results\Probes\H-Field\H-Field (0.00827617 -0.147728 3.68281)(Y) [1],CST ResultTree 1D complex local Cartesian H-field probe,44,field_weighted_48,field_weighted,48,nearest_full96_cell_aggregation
L1_short_dipole_x_1p2G,1200000000,91,91,level1_local_sphere_r0p35,0.00827616923972,-0.147728111294,3.6828125,0.0236461978278,-0.422080317983,-0.90625,0.0,0.906503467822,-0.422198369049,0.999720389573,0.00998338615709,0.0214353603317,0.0160352125027,Hz,6.992730622444e-06,3.900313017801e-06,C:\csttmp\huy_sf_safe_hfield96_s\L1_short_dipole_x_1p2G_hfield96.cst,1D Results\Probes\H-Field\H-Field (0.00827617 -0.147728 3.68281)(Z) [1],CST ResultTree 1D complex local Cartesian H-field probe,44,field_weighted_48,field_weighted,48,nearest_full96_cell_aggregation
L1_short_dipole_x_1p2G,1200000000,28,28,level1_local_sphere_r0p35,-0.108242687555,-0.300942246012,4.1421875,-0.309264821585,-0.859834988605,0.40625,0.940983556986,-0.338452279475,0.0,0.137496238537,0.382274570026,0.913761969826,0.0160352125027,Hx,6.237158815035e-12,-1.18761606545e-11,C:\csttmp\huy_sf_safe_hfield96_s\L1_short_dipole_x_1p2G_hfield96.cst,1D Results\Probes\H-Field\H-Field (-0.108243 -0.300942 4.14219)(X) [1],CST ResultTree 1D complex local Cartesian H-field probe,45,field_weighted_48,field_weighted,48,nearest_full96_cell_aggregation
L1_short_dipole_x_1p2G,1200000000,28,28,level1_local_sphere_r0p35,-0.108242687555,-0.300942246012,4.1421875,-0.309264821585,-0.859834988605,0.40625,0.940983556986,-0.338452279475,0.0,0.137496238537,0.382274570026,0.913761969826,0.0160352125027,Hy,6.964848886189e-06,3.931464082244e-06,C:\csttmp\huy_sf_safe_hfield96_s\L1_short_dipole_x_1p2G_hfield96.cst,1D Results\Probes\H-Field\H-Field (-0.108243 -0.300942 4.14219)(Y) [1],CST ResultTree 1D complex local Cartesian H-field probe,45,field_weighted_48,field_weighted,48,nearest_full96_cell_aggregation
L1_short_dipole_x_1p2G,1200000000,28,28,level1_local_sphere_r0p35,-0.108242687555,-0.300942246012,4.1421875,-0.309264821585,-0.859834988605,0.40625,0.940983556986,-0.338452279475,0.0,0.137496238537,0.382274570026,0.913761969826,0.0160352125027,Hz,1.505042731072e-05,8.553665619863e-06,C:\csttmp\huy_sf_safe_hfield96_s\L1_short_dipole_x_1p2G_hfield96.cst,1D Results\Probes\H-Field\H-Field (-0.108243 -0.300942 4.14219)(Z) [1],CST ResultTree 1D complex local Cartesian H-field probe,45,field_weighted_48,field_weighted,48,nearest_full96_cell_aggregation
L1_short_dipole_x_1p2G,1200000000,6,6,level1_local_sphere_r0p35,-0.0456569496532,0.16984157696,4.30260416667,-0.130448427581,0.485261648458,0.864583333333,-0.965715074376,-0.259604304901,0.0,0.224449555279,-0.834941158054,0.5024894623,0.0320704250054,Hx,1.013647891032e-11,-7.906602420258e-12,C:\csttmp\huy_sf_safe_hfield96_s\L1_short_dipole_x_1p2G_hfield96.cst,1D Results\Probes\H-Field\H-Field (-0.0456569 0.169842 4.3026)(X) [1],CST ResultTree 1D complex local Cartesian H-field probe,46,field_weighted_48,field_weighted,48,nearest_full96_cell_aggregation
L1_short_dipole_x_1p2G,1200000000,6,6,level1_local_sphere_r0p35,-0.0456569496532,0.16984157696,4.30260416667,-0.130448427581,0.485261648458,0.864583333333,-0.965715074376,-0.259604304901,0.0,0.224449555279,-0.834941158054,0.5024894623,0.0320704250054,Hy,1.53841747527e-05,8.239328896918e-06,C:\csttmp\huy_sf_safe_hfield96_s\L1_short_dipole_x_1p2G_hfield96.cst,1D Results\Probes\H-Field\H-Field (-0.0456569 0.169842 4.3026)(Y) [1],CST ResultTree 1D complex local Cartesian H-field probe,46,field_weighted_48,field_weighted,48,nearest_full96_cell_aggregation
L1_short_dipole_x_1p2G,1200000000,6,6,level1_local_sphere_r0p35,-0.0456569496532,0.16984157696,4.30260416667,-0.130448427581,0.485261648458,0.864583333333,-0.965715074376,-0.259604304901,0.0,0.224449555279,-0.834941158054,0.5024894623,0.0320704250054,Hz,-8.114169868548e-06,-4.520067712605e-06,C:\csttmp\huy_sf_safe_hfield96_s\L1_short_dipole_x_1p2G_hfield96.cst,1D Results\Probes\H-Field\H-Field (-0.0456569 0.169842 4.3026)(Z) [1],CST ResultTree 1D complex local Cartesian H-field probe,46,field_weighted_48,field_weighted,48,nearest_full96_cell_aggregation
L1_short_dipole_x_1p2G,1200000000,2,2,level1_local_sphere_r0p35,0.00974634673724,-0.111054594117,4.33177083333,0.0278467049635,-0.317298840335,0.947916666667,0.0,-0.948284406316,-0.317421934873,0.999612205319,0.00883915496937,-0.0264065960842,0.0320704250054,Hx,5.079000866652e-12,6.148118075324e-12,C:\csttmp\huy_sf_safe_hfield96_s\L1_short_dipole_x_1p2G_hfield96.cst,1D Results\Probes\H-Field\H-Field (0.00974635 -0.111055 4.33177)(X) [1],CST ResultTree 1D complex local Cartesian H-field probe,47,field_weighted_48,field_weighted,48,nearest_full96_cell_aggregation
L1_short_dipole_x_1p2G,1200000000,2,2,level1_local_sphere_r0p35,0.00974634673724,-0.111054594117,4.33177083333,0.0278467049635,-0.317298840335,0.947916666667,0.0,-0.948284406316,-0.317421934873,0.999612205319,0.00883915496937,-0.0264065960842,0.0320704250054,Hy,1.643214856252e-05,8.92662628378e-06,C:\csttmp\huy_sf_safe_hfield96_s\L1_short_dipole_x_1p2G_hfield96.cst,1D Results\Probes\H-Field\H-Field (0.00974635 -0.111055 4.33177)(Y) [1],CST ResultTree 1D complex local Cartesian H-field probe,47,field_weighted_48,field_weighted,48,nearest_full96_cell_aggregation
L1_short_dipole_x_1p2G,1200000000,2,2,level1_local_sphere_r0p35,0.00974634673724,-0.111054594117,4.33177083333,0.0278467049635,-0.317298840335,0.947916666667,0.0,-0.948284406316,-0.317421934873,0.999612205319,0.00883915496937,-0.0264065960842,0.0320704250054,Hz,5.612880505671e-06,2.99000426695e-06,C:\csttmp\huy_sf_safe_hfield96_s\L1_short_dipole_x_1p2G_hfield96.cst,1D Results\Probes\H-Field\H-Field (0.00974635 -0.111055 4.33177)(Z) [1],CST ResultTree 1D complex local Cartesian H-field probe,47,field_weighted_48,field_weighted,48,nearest_full96_cell_aggregation
